lambda_A,B_0_0,B_4_0,B_6_0
1.0,50.92325294936189,0.00173148223680443,-0.15059682739563943
1.0100200400801602,51.06339022367359,0.024057801229213777,-0.04090722199460882
1.0200400801603207,50.200664362565085,-0.09893204365494318,0.028376326659384322
1.0300601202404809,51.19176906809933,-0.10491045038565068,0.054460945238242874
1.0400801603206413,52.19256199167401,-0.11126544230197735,0.08383035672826247
1.0501002004008015,52.82745298511428,-0.050235505582391794,0.04244578162413387
1.060120240480962,53.84042039656549,-0.04954841873269733,0.06284023832023636
1.0701402805611222,54.86300763148727,-0.04874972175544717,0.08540252372881728
1.0801603206412826,55.89521468987963,-0.04783403637398632,0.11030252781638664
1.0901803607214429,55.5024167940251,-0.12541110277998596,0.11905160110048403
1.100200400801603,56.52737052651912,-0.13320299238822664,0.14499852812837755
1.1102204408817635,56.00959879059701,0.04288220930013165,0.01117770622685043
1.1202404809619237,57.02516466943575,0.054241482611298734,0.008519771259507453
1.1302605210420842,58.049855129396136,0.0664075655433307,0.004707968935389485
1.1402805611222444,59.08367017047817,0.07941676713688745,-0.0003811137641672883
1.1503006012024048,58.231937823321836,-0.18871293093809716,-0.01847290340998286
1.160320641282565,59.25085004014929,-0.20364205153465836,-0.0288452506645526
1.1703406813627255,60.27859931002821,-0.21949855848042266,-0.04117606567578298
1.1803607214428857,61.31518563295848,-0.23632356208942604,-0.05564305469112529
1.1903807615230462,62.36060900894022,-0.25415940488744676,-0.07243448484519198
1.2004008016032064,63.414869437973294,-0.2730496841820384,-0.09174962437207988
1.2104208416833666,61.35155458569512,-0.1389855209700782,-0.29493621973028195
1.220440881763527,62.3715130813813,-0.1446103424171346,-0.3548961787791822
1.2304609218436873,57.993399214233605,-0.06639284324396061,-0.04813808206465855
1.2404809619238477,58.94176287367761,-0.06428555576744606,-0.05301884175477385
1.250501002004008,59.89781804698571,-0.061966806377812704,-0.05863396047169818
1.2605210420841684,60.86156473415793,-0.059427487700884435,-0.06503761492401532
1.2705410821643286,61.83300293519424,-0.056658242212706614,-0.07228656723913207
1.280561122244489,61.13300496697012,0.055262562583481244,0.19790481700895324
1.2905811623246493,62.09344596036285,0.06896641741224586,0.24055530297611877
1.3006012024048097,63.06137285393794,0.08352732671938944,0.2874602139944872
1.31062124248497,64.03678564769531,0.0989790627853899,0.33892284831738934
1.3206412825651301,65.019684341635,0.115356289310758,0.3952624128769954
1.3306613226452906,66.01006893575708,0.13269457598214332,0.456814626197761
1.340681362725451,67.00793943006144,0.15103041315022545,0.5239323370436275
1.3507014028056112,68.01329582454815,0.17040122661940174,0.5969861590537365
1.3607214428857715,69.02613811921717,0.1908453925492575,0.6763651216233272
1.370741482965932,70.04646631406854,0.2124022524678297,0.7624773372884376
1.3807615230460921,71.0742804091022,0.23511212839665338,0.8557506858749594
1.3907815631262526,72.10958040431827,0.25901633808760527,0.9566335156745762
1.4008016032064128,66.34874840725722,-0.30975443925062085,0.4895212091154752
1.4108216432865732,67.30133849626013,-0.33438245119117405,0.5134490791902959
1.4208416833667334,68.26071825090096,-0.360337598882445,0.537853996679957
1.4308617234468937,69.22688767117975,-0.38766897397052386,0.5627246853926146
1.440881763527054,70.19984675709648,-0.41642688441770886,0.5880485776460044
1.4509018036072145,71.17959550865116,-0.4466628728851816,0.6138117599222508
1.4609218436873748,72.16613392584375,-0.47842973524486,0.6399989171319792
1.470941883767535,73.15946200867428,-0.5117815392204406,0.6665932754665428
1.4809619238476954,67.52494536688909,-0.10978365561767182,0.33455022022351005
1.4909819639278556,68.44177052083019,-0.11057692886460999,0.3053289542836045
1.5010020040080159,69.36477790777158,-0.11135560595672198,0.2714948812395458
1.5110220440881763,70.29396752771326,-0.11211924133571614,0.23272443032355825
1.5210420841683367,71.22933938065523,-0.11286738500432858,0.18867901642510826
1.531062124248497,72.17089346659746,-0.11359958249719415,0.13900454951973748
1.5410821643286572,73.11862978553998,-0.11431537485152157,0.08333093307325604
1.5511022044088176,74.0725483374828,-0.1150142985775684,0.02127155126692802
1.561122244488978,75.03264912242587,-0.11569588562893442,-0.04757725511179528
1.5711422845691383,75.99893214036922,-0.11635966337265315,-0.12363672426941155
1.5811623246492985,76.97139739131282,-0.11700515455908311,-0.2073462206548018
1.591182364729459,77.95004487525675,-0.11763187729162404,-0.2991637940144944
1.6012024048096192,78.93487459220088,-0.1182393449962229,-0.39956675041415984
1.6112224448897794,79.92588654214535,-0.1188270663906893,-0.5090522353869619
1.6212424849699398,71.07188019401332,-0.6351070638662888,0.06784862378175632
1.6312625250501003,71.95311021868083,-0.674362683719026,0.03900960760575893
1.6412825651302605,72.83976987997599,-0.7153402015386106,0.007515027932786278
1.6513026052104207,73.7318591778988,-0.7580929248900086,-0.026772618999517547
1.6613226452905812,63.68458091804869,0.24789080715000048,0.5076435289676189
1.6713426853707416,64.45510725500118,0.2786834356653073,0.5486010206762321
1.6813627254509018,65.23026694334845,0.3109338194253487,0.5926964502690849
1.691382765531062,66.01005998309053,0.34468656874010195,0.6401162258211054
1.7014028056112225,66.79448637422739,0.3799872097600908,0.6910547820289188
1.7114228456913827,67.583546116759,0.41688219608290494,0.7457148245906161
1.721442885771543,68.37723921068542,0.45541892042871357,0.8043075796263179
1.7314629258517034,69.17556565600665,0.4956457263847039,0.8670530482032871
1.7414829659318638,69.97852545272265,0.5376119202185109,0.9341802660297706
1.751503006012024,70.7861186008334,0.5813677827605991,1.0059275683820996
1.7615230460921842,71.59834510033893,0.6269645813556108,1.0825428603299512
1.7715430861723447,72.41520495123926,0.6744545818826804,1.1642838923250722
1.7815631262525051,73.23669815353443,0.723891060844701,1.2514185412191088
1.7915831663326653,74.06282470722432,0.7753283175265642,1.3442250967766038
1.8016032064128256,74.89358461230898,0.8288216862223652,1.4429925537495842
1.811623246492986,71.84034119906707,-0.12799344797105472,1.148459749343057
1.8216432865731462,72.63723295469781,-0.13819957227617208,1.2084532642415509
1.8316633266533064,73.43852014196469,-0.1489163146865697,1.2716416552367003
1.8416833667334669,74.24420276086771,-0.16015977459485656,1.33817650613212
1.8517034068136273,75.05428081140688,-0.17194637564421086,1.4082150359251409
1.8617234468937875,75.86875429358214,-0.18429286960044264,1.4819202520215293
1.8717434869739478,76.68762320739354,-0.197216340245189,1.5594611063149595
1.8817635270541082,77.51088755284113,-0.2107342072902272,1.641012654164388
1.8917835671342687,78.33854732992482,-0.2248642303129157,1.726756216302592
1.9018036072144289,79.17060253864463,-0.2396245127127551,1.8168795437093845
1.911823647294589,80.00705317900056,-0.25503350568907834,1.9115769854831444
1.9218436873747495,80.84789925099261,-0.27111001223986275,2.011049659744474
1.9318637274549098,81.69314075462084,-0.2878731911816623,2.115505627606036
1.94188376753507,82.54277768988521,-0.30534256119067316,2.2251600702427545
1.9519038076152304,83.39681005678565,-0.3235380048649202,2.3402354690967218
1.9619238476953909,84.25523785532226,-0.342479772807553,2.4609617892514097
1.971943887775551,85.118061085495,-0.3621884877312953,2.587576666009888
1.9819639278557113,85.98527974730386,-0.38268514858399266,2.7203255947119858
1.9919839679358717,86.85689384074887,-0.40399113469529674,2.8594621238254563
2.0020040080160317,87.73290336582996,-0.42612820994446615,3.005248051346432
2.012024048096192,88.61330832254724,-0.4491185269493095,3.1579536245446924
2.0220440881763526,89.4981087109007,-0.4729846312762207,3.31785774308918
2.032064128256513,90.38730453089022,-0.4977494656713725,3.485248165589837
2.0420841683366735,91.28089578251584,-0.523436374313011,3.660421719591542
2.052104208416834,92.17888246577766,-0.5500691070848881,3.843684515056454
2.062124248496994,93.08126458067558,-0.5776718238708022,4.035352161370956
2.072144288577154,93.98804212720961,-0.6062690988702909,4.235749987913992
2.0821643286573144,94.89921510537982,-0.6358859249354105,4.445213268223187
2.092184368737475,86.78363502079297,0.9032223525820097,3.0094858961715256
2.1022044088176353,87.61688645986153,0.9624689850022539,3.05418564392982
2.1122244488977957,88.45411903337377,1.0237888653656122,3.09762418794205
2.122244488977956,89.29533274132973,1.0872311367041376,3.139690635921884
2.132264529058116,90.14052758372935,1.1528457355185944,3.180269951818344
2.1422845691382766,90.98970356057276,1.2206833997450957,3.219242855158299
2.1523046092184366,91.84286067185984,1.2907956767593962,3.2564857187485523
2.162324649298597,92.69999891759062,1.363234931418965,3.2918704647211565
2.1723446893787575,93.56111829776512,1.4380543541426785,3.325264458905254
2.182364729458918,62.673448328431206,-0.24070957356988312,2.935332092810302
2.1923847695390783,63.250283284979616,-0.258938444449105,2.918969802173592
2.2024048096192383,63.82976063711455,-0.2778998458799195,2.897488041786986
2.212424849699399,64.41188038483611,-0.2976124320643554,2.8706236702321184
2.222444889779559,64.99664252814418,-0.3180951646859182,2.838105100075877
2.2324649298597192,65.58404706703888,-0.3393673159453405,2.7996521090497
2.2424849699398797,66.17409400152015,-0.3614484716101001,2.7549756483309364
2.25250501002004,66.76678333158794,-0.38435853407773174,2.7037776478984883
2.2625250501002006,67.36211505724235,-0.40811772545291675,2.645750818934906
2.272545090180361,67.96008917848332,-0.4327465906383424,2.5805784532469604
2.282565130260521,68.56070569531083,-0.4582660004393491,2.5079342196765753
2.292585170340681,69.1639646077249,-0.4846971546823637,2.4274819574738813
2.3026052104208414,69.76986591572556,-0.5120615853471003,2.338875466604062
2.312625250501002,70.37840961931282,-0.5403811597125447,2.2417582949595074
2.3226452905811623,70.98959571848665,-0.5696780835167238,2.1357635224486318
2.3326653306613228,71.60342421324704,-0.5999749041302549,2.0205135419326616
2.342685370741483,72.21989510359398,-0.6312945137436704,1.8956198369815298
2.352705410821643,72.8390083895275,-0.6636601525685191,1.7606827564199035
2.3627254509018036,73.46076407104762,-0.6970954120522681,1.6152912856341777
2.3727454909819636,74.08516214815424,-0.731624238106943,1.459022814611339
2.382765531062124,74.7122026208475,-0.7672709343516125,1.2914429026801058
2.3927855711422845,75.3418854891273,-0.8040601653685728,1.1121050399252062
2.402805611222445,75.97421075299373,-0.842016959973392,0.9205504052447829
2.4128256513026054,76.60917841244667,-0.8811667144986715,0.7163076210215518
2.4228456913827654,77.24678846748613,-0.9215351960916267,0.49889250437760185
2.432865731462926,77.88704091811228,-0.9631485460254358,0.2678078149829647
2.442885771543086,78.52993576432489,-1.0060332830243455,0.02254299938794632
2.4529058116232463,79.17547300612415,-1.0502163066026162,-0.2374260681514305
2.4629258517034067,79.82365264350996,-1.0957249004171687,-0.5126373483845097
2.472945891783567,80.47447467648233,-1.1425867356340778,-0.8036429033449111
2.4829659318637276,81.12793910504128,-1.1908298743088164,-1.111009166227304
2.492985971943888,81.78404592918682,-1.2404827727802727,-1.4353172148929545
2.503006012024048,82.44279514891885,-1.2915742850785585,-1.777163049034959
2.513026052104208,83.1041867642375,-1.3441336663466246,-2.1371578710342205
2.5230460921843685,83.76822077514275,-1.3981905762755842,-2.5159283705369146
2.533066132264529,84.43489718163454,-1.4537750825538922,-2.914117012785155
2.5430861723446894,85.10421598371293,-1.5109176643302586,-3.3323823307319334
2.55310621242485,85.77617718137786,-1.5696492156903665,-3.7713992209719196
2.5631262525050102,58.286845465697255,0.2109737948157433,0.5123995138202586
2.5731462925851702,58.74345825669764,0.23569547530636448,0.45681360676876714
2.5831663326653307,59.201852603652036,0.26119599078620814,0.3998778349989026
2.5931863727454907,59.662028506560375,0.28749084268241987,0.34160092184599783
2.603206412825651,60.123985965422634,0.3145957389902644,0.28199288194114097
2.6132264529058116,60.58772498023892,0.3425265959758773,0.22106505839837545
2.623246492985972,61.05324555100915,0.37129953988556885,0.15883016058251828
2.6332665330661325,61.52054767773336,0.40093090866176234,0.09530230246254418
2.6432865731462925,61.98963136041147,0.43143725366548635,0.030497041555770724
2.653306613226453,62.4604965990436,0.4628353414055005,-0.03556858153223654
2.663326653306613,62.933143393629656,0.49514215527396077,-0.10287600296671263
2.6733466933867733,63.407571744169694,0.5283748972887321,-0.17140509493678197
2.6833667334669338,63.88378165066371,0.5625509898422563,-0.2411341242972138
2.693386773547094,64.36177311311164,0.5976880774570098,-0.31203971059382374
2.7034068136272547,64.84154613151358,0.6338040285475978,-0.3840967834672658
2.7134268537074147,65.32310070586945,0.6709169371893732,-0.45727853942994673
2.723446893787575,65.80643683617929,0.7090451248937145,-0.5315563980109528
2.733466933867735,66.29155452244306,0.7482071423898421,-0.6068999572635738
2.7434869739478955,66.77845376466085,0.7884217714132683,-0.6832769486303147
2.753507014028056,67.2671345628326,0.8297080265008022,-0.7606531911599274
2.7635270541082164,67.75759691695829,0.8720851567921724,-0.8389925450713185
2.773547094188377,68.24984082703793,0.9155726478382453,-0.9182568646588821
2.7835671342685373,68.74386629307155,0.9601902234158044,-0.9984059505338951
2.7935871743486973,69.23967331505912,1.005957847348962,-1.079397501196743
2.8036072144288577,69.73726189300066,1.052895725337124,-1.161187063934382
2.8136272545090177,70.23663202689612,1.101024306789581,-1.2437279850378087
2.823647294589178,70.7377837167456,1.1503642866666655,-1.326971359333959
2.8336673346693386,71.24071696254906,1.2009366073275214,-1.4108659790267146
2.843687374749499,71.74543176430642,1.2527624603844436,-1.4953582818414137
2.8537074148296595,72.25192812201779,1.3058632885638295,-1.5803922984675047
2.8637274549098195,72.76020603568307,1.3602607875737156,-1.6659095992937456
2.87374749498998,73.27026550530232,1.4159769079779105,-1.7518492404304287
2.88376753507014,73.78210653087558,1.473033857076702,-1.8381477090131357
2.8937875751503004,74.29572911240277,1.5314541007941764,-1.9247388677823791
2.903807615230461,74.81113324988394,1.5912603655721251,-2.0115538989336095
2.9138276553106213,75.32831894331906,1.652475640270538,-2.098521247231941
2.9238476953907817,75.84728619270813,1.7151231780746912,-2.1855665623859712
2.9338677354709417,76.36803499805114,1.7792264984088355,-2.272612640675077
2.943887775551102,76.8905653593482,1.8448093888564578,-2.3595793658244744
2.953907815631262,77.4148772765991,1.9118959070871417,-2.446383649122381
2.9639278557114226,77.94097074980405,1.9805103827900576,-2.5329393687736212
2.973947895791583,78.46884577896292,2.050677419613966,-2.6191573084838478
2.9839679358717435,78.99850236407579,2.1224218971138904,-2.7049450952687137
2.993987975951904,79.52994050514262,2.1957689727043364,-2.790207136482229
3.004008016032064,80.06316020216339,2.2707440836191153,-2.874844556058456
3.0140280561122244,80.59816145513814,2.3473729488777844,-2.958755129960851
3.024048096192385,81.13494426406683,2.425681571258617,-3.041833220833276
3.034068136272545,81.67350862894945,2.5056962392782403,-3.1239697118470056
3.0440881763527052,82.2138545497861,2.5874435291778157,-3.2050519397377424
3.0541082164328657,82.75598202657667,2.670950306915805,-3.2849636270267975
3.064128256513026,83.29989105932121,2.756243730167384,-3.3635848134205846
3.074148296593186,83.84558164801969,2.8433512503303757,-3.440791786382443
3.0841683366733466,84.39305379267215,2.9323006145378607,-3.516457010870864
3.094188376753507,84.9423074932786,3.023119867677274,-3.5904490582381787
3.1042084168336674,85.49334274983904,3.115837354416186,-3.662632534283734
3.1142284569138274,86.0461595623534,3.2104817212346184,-3.7328680064555178
3.124248496993988,86.60075793082171,3.3070819184640166,-3.8010119301942975
3.1342685370741483,87.15713785524396,3.4056672023327237,-3.8669165744141067
3.1442885771543083,87.7152993356202,3.5062671370181167,-3.9304299461131587
3.1543086172344688,88.27524237195041,3.60891159670532,-3.99139571410903
3.164328657314629,88.83696696423456,3.7136307676524845,-4.049653131892036
3.1743486973947896,89.40047311247272,3.820455150262692,-4.105036959590672
3.1843687374749496,89.96576081666477,3.9294155611624273,-4.157377385043038
3.19438877755511,90.53283007681082,4.040543135286679,-4.206499943968025
3.2044088176352705,91.10168089291085,4.153869327970569,-4.252225439230126
3.214428857715431,91.67231326496481,4.269425917047628,-4.29436985919166
3.224448897795591,92.24472719297273,4.387245004954649,-4.3327442951462265
3.2344689378757514,92.81892267693466,4.507359020843155,-4.367154857827144
3.244488977955912,93.3948997168505,4.6298007226973725,-4.397402592984571
3.254509018036072,93.97265831272031,4.754603199458901,-4.4232833960251385
3.2645290581162323,94.55219846454408,4.881799873157949,-4.444587925707719
3.2745490981963927,95.13352017232182,5.011424501051094,-4.4611015168890615
3.284569138276553,95.71662343605352,5.143511177765732,-4.472604092312917
3.294589178356713,96.3015082557392,5.278094337451032,-4.478870073436412
3.3046092184368736,96.8881746313788,5.415208755935588,-4.479668290287149
3.314629258517034,97.47662256297245,5.5548895528915185,-4.474761890344791
3.3246492985971945,98.06685205052,5.697172194005272,-4.463908246440603
3.3346693386773545,98.65886309402147,5.842092493155034,-4.4468588636686155
3.344689378757515,99.25265569347695,5.989686614594612,-4.42335928530192
3.3547094188376754,99.84822984888639,6.139991075144021,-4.393148997707613
3.3647294589178354,100.44558556024981,6.293042746386635,-4.355961334253937
3.374749498997996,101.04472282756717,6.448878856872875,-4.311523378203109
3.3847695390781563,101.64564165083846,6.6075369943305935,-4.259555864583284
3.3947895791583167,102.24834203006377,6.769055107881927,-4.199773081033153
3.4048096192384767,102.85282396524299,6.933471510266836,-4.13188276761257
3.414829659318637,103.45908745637621,7.10082488007324,-4.055586015572607
3.4248496993987976,104.06713250346337,7.271154263973634,-3.970577165078552
3.434869739478958,104.67695910650457,7.444499078968437,-3.876543701879072
3.444889779559118,105.28856726549962,7.620899114635828,-3.7731661529149783
3.4549098196392785,105.90195698044867,7.8003945353882616,-3.6601179808609454
3.464929859719439,106.51712825135172,7.983025882735458,-3.537065477593503
3.474949899799599,107.13408107820868,8.168834077554125,-3.403667656578503
3.4849699398797593,107.75281546101961,8.357860422364173,-3.25957614417147
3.49498997995992,108.37333139978452,8.55014660361154,-3.104435069824076
3.50501002004008,108.9956288945034,8.745734693957669,-2.937880955189829
3.51503006012024,109.61970794517616,8.944667154575432,-2.7595426021224916
3.5250501002004007,110.24556855180299,9.146986837451877,-2.5690409795600475
3.535070140280561,110.87321071438373,9.352736987697321,-2.3659891092877805
3.5450901803607215,111.50263443291844,9.561961245861188,-2.1499919505733613
3.5551102204408815,112.13383970740712,9.774703650254416,-1.9206462836672031
3.565130260521042,112.76682653784974,9.99100863927843,-1.6775405921611406
3.5751503006012024,113.40159492424635,10.210921053760696,-1.4202549441986687
3.5851703406813624,114.03814486659692,10.434486139296853,-1.1483608725296999
3.595190380761523,114.67647636490145,10.661749548599621,-0.8614212534027926
3.6052104208416833,115.31658941915994,10.892757343853953,-0.5589901842883858
3.6152304609218437,71.14758136202865,-0.2848587490365979,-4.63801399987874
3.6252505010020037,71.54251583177837,-0.4295718816030608,-4.5884951681679285
3.635270541082164,71.9385433944419,-0.5781320223624319,-4.532338124225555
3.6452905811623246,72.33566405001919,-0.7305986315342817,-4.469315033256832
3.655310621242485,72.73387779851029,-0.88703175965749,-4.399193266280153
3.665330661322645,73.13318463991516,-1.047492051114518,-4.321735331629364
3.6753507014028055,73.53358457423377,-1.2120407476654018,-4.2366988057987705
3.685370741482966,73.93507760146623,-1.3807396919913726,-4.14383626362712
3.695390781563126,74.33766372161242,-1.5536513312482008,-4.042895207816578
3.7054108216432864,74.74134293467242,-1.7308387206293692,-3.9336179977827865
3.715430861723447,75.14611524064618,-1.9123655269387008,-3.815741777832339
3.7254509018036073,75.55198063953377,-2.098296032172903,-3.688998404663437
3.7354709418837673,75.95893913133511,-2.2886951371137108,-3.553114374186046
3.7454909819639277,76.36699071605022,-2.4836283649297504,-3.407810747657544
3.755511022044088,76.77613539367916,-2.683161864788139,-3.2528030771298875
3.7655310621242486,77.18637316422185,-2.887362415475704,-3.0878013302044467
3.7755511022044086,77.59770402767829,-3.0962974290299385,-2.912509814090486
3.785571142284569,78.01012798404857,-3.310034954379787,-2.7266270989631733
3.7955911823647295,78.42364503333262,-3.528643680995868,-2.5298459406175335
3.8056112224448895,78.83825517553043,-3.7521929425506118,-2.321853202413916
3.81563126252505,79.25395841064207,-3.9807527205880753,-2.1023297765111626
3.8256513026052104,79.67075473866743,-4.214393648203301,-1.8709505043836405
3.835671342685371,80.08864415960663,-4.45318701373159,-1.6273840966177087
3.845691382765531,80.50762667345955,-4.697204764447344,-1.371293051983931
3.8557114228456912,80.9277022802263,-4.946519510272649,-1.1023335757808612
3.8657314629258517,81.3488709799068,-5.201204527495476,-0.8201554974464261
3.875751503006012,81.77113277250115,-5.461333762497787,-0.5244021874325364
3.885771543086172,82.19448765800922,-5.726981835493091,-0.21471047333937002
3.8957915831663326,82.6189356364311,-5.998224044273891,0.10928944469525595
3.905811623246493,83.04447670776673,-6.275136367968729,0.44797407935522193
3.915831663326653,83.47111087201613,-6.557795470808957,0.8017267422583609
3.9258517034068134,83.89883812917938,-6.84627870590532,1.1709376308259014
3.935871743486974,84.32765847925639,-7.140664119033926,1.5560039159126766
3.9458917835671343,84.75757192224715,-7.441030452432308,1.9573298302031104
3.9559118236472943,85.18857845815171,-7.7474571486049575,2.375326757376391
3.9659318637274548,85.62067808697009,-8.060024354138587,2.810413322045302
3.975951903807615,86.05387080870223,-8.378812923527093,3.263015480472804
3.9859719438877756,86.48815662334813,-8.703904423006286,3.733566612070699
3.9959919839679356,86.92353553090783,-9.035381134398223,4.222507611684354
4.006012024048096,87.36000753138133,-9.373326058965386,4.730286982667948
4.0160320641282565,87.79757262476858,-9.717822921274303,5.257360930753956
4.026052104208416,88.23623081106959,-10.068956173069203,5.804193458721954
4.0360721442885765,88.67598209028439,-10.426810997155124,6.371256461870045
4.046092184368737,89.11682646241304,-10.791473311290837,6.959029824293818
4.056112224448897,89.55876392745546,-11.163029772091289,7.568001515976577
4.066132264529058,90.00179448541161,-11.541567778940108,8.198667690695828
4.076152304609218,90.4459181362816,-11.927175477911442,8.85153278474948
4.086172344689379,90.89113488006535,-12.319941765701742,9.527109616506674
4.096192384769539,91.33744471676287,-12.719956293571084,10.225919486787095
4.1062124248497,91.7848476463742,-13.127309471294232,10.948492280073351
4.11623246492986,92.2333436688993,-13.542092471121528,11.69536656656085
4.1262525050100205,92.68293278433818,-13.964397231749386,12.46708970504919
4.13627254509018,93.13361499269078,-14.39431646230026,13.264217946679151
4.1462925851703405,93.58539029395725,-14.831943646312975,14.087316539521183
4.156312625250501,94.03825868813747,-15.277373045741856,14.93695983401698
4.166332665330661,94.49222017523147,-15.730699704966304,15.813731389281555
4.176352705410821,0.0,0.0,0.0
4.186372745490981,0.0,0.0,0.0
4.196392785571142,0.0,0.0,0.0
4.206412825651302,0.0,0.0,0.0
4.216432865731463,0.0,0.0,0.0
4.226452905811623,0.0,0.0,0.0
4.236472945891784,0.0,0.0,0.0
4.246492985971944,0.0,0.0,0.0
4.2565130260521045,0.0,0.0,0.0
4.266533066132265,0.0,0.0,0.0
4.276553106212425,0.0,0.0,0.0
4.286573146292585,0.0,0.0,0.0
4.296593186372745,0.0,0.0,0.0
4.306613226452906,0.0,0.0,0.0
4.316633266533065,0.0,0.0,0.0
4.326653306613226,0.0,0.0,0.0
4.336673346693386,0.0,0.0,0.0
4.346693386773547,0.0,0.0,0.0
4.356713426853707,0.0,0.0,0.0
4.3667334669338675,0.0,0.0,0.0
4.376753507014028,0.0,0.0,0.0
4.386773547094188,0.0,0.0,0.0
4.396793587174349,0.0,0.0,0.0
4.406813627254509,0.0,0.0,0.0
4.41683366733467,0.0,0.0,0.0
4.426853707414829,0.0,0.0,0.0
4.43687374749499,0.0,0.0,0.0
4.44689378757515,0.0,0.0,0.0
4.456913827655311,0.0,0.0,0.0
4.46693386773547,0.0,0.0,0.0
4.476953907815631,0.0,0.0,0.0
4.486973947895791,0.0,0.0,0.0
4.4969939879759515,0.0,0.0,0.0
4.507014028056112,0.0,0.0,0.0
4.517034068136272,0.0,0.0,0.0
4.527054108216433,0.0,0.0,0.0
4.537074148296593,0.0,0.0,0.0
4.547094188376754,0.0,0.0,0.0
4.557114228456914,0.0,0.0,0.0
4.567134268537075,0.0,0.0,0.0
4.577154308617234,0.0,0.0,0.0
4.587174348697395,0.0,0.0,0.0
4.597194388777555,0.0,0.0,0.0
4.6072144288577155,0.0,0.0,0.0
4.617234468937875,0.0,0.0,0.0
4.6272545090180355,0.0,0.0,0.0
4.637274549098196,0.0,0.0,0.0
4.647294589178356,0.0,0.0,0.0
4.657314629258517,0.0,0.0,0.0
4.667334669338677,0.0,0.0,0.0
4.677354709418838,0.0,0.0,0.0
4.687374749498998,0.0,0.0,0.0
4.697394789579159,0.0,0.0,0.0
4.707414829659319,0.0,0.0,0.0
4.7174348697394795,0.0,0.0,0.0
4.727454909819639,0.0,0.0,0.0
4.7374749498997994,0.0,0.0,0.0
4.74749498997996,0.0,0.0,0.0
4.757515030060119,0.0,0.0,0.0
4.76753507014028,0.0,0.0,0.0
4.77755511022044,0.0,0.0,0.0
4.787575150300601,0.0,0.0,0.0
4.797595190380761,0.0,0.0,0.0
4.807615230460922,0.0,0.0,0.0
4.817635270541082,0.0,0.0,0.0
4.8276553106212425,0.0,0.0,0.0
4.837675350701403,0.0,0.0,0.0
4.847695390781563,0.0,0.0,0.0
4.857715430861724,0.0,0.0,0.0
4.867735470941883,0.0,0.0,0.0
4.877755511022044,0.0,0.0,0.0
4.887775551102204,0.0,0.0,0.0
4.897795591182365,0.0,0.0,0.0
4.907815631262524,0.0,0.0,0.0
4.917835671342685,0.0,0.0,0.0
4.927855711422845,0.0,0.0,0.0
4.937875751503006,0.0,0.0,0.0
4.947895791583166,0.0,0.0,0.0
4.9579158316633265,0.0,0.0,0.0
4.967935871743487,0.0,0.0,0.0
4.977955911823647,0.0,0.0,0.0
4.987975951903808,0.0,0.0,0.0
4.997995991983968,0.0,0.0,0.0
5.008016032064128,0.0,0.0,0.0
5.018036072144288,0.0,0.0,0.0
5.028056112224449,0.0,0.0,0.0
5.038076152304609,0.0,0.0,0.0
5.04809619238477,0.0,0.0,0.0
5.05811623246493,0.0,0.0,0.0
5.06813627254509,0.0,0.0,0.0
5.07815631262525,0.0,0.0,0.0
5.0881763527054105,0.0,0.0,0.0
5.098196392785571,0.0,0.0,0.0
5.108216432865731,0.0,0.0,0.0
5.118236472945892,0.0,0.0,0.0
5.128256513026052,0.0,0.0,0.0
5.138276553106213,0.0,0.0,0.0
5.148296593186372,0.0,0.0,0.0
5.158316633266533,0.0,0.0,0.0
5.168336673346693,0.0,0.0,0.0
5.1783567134268536,0.0,0.0,0.0
5.188376753507014,0.0,0.0,0.0
5.198396793587174,0.0,0.0,0.0
5.208416833667335,0.0,0.0,0.0
5.218436873747494,0.0,0.0,0.0
5.228456913827655,0.0,0.0,0.0
5.238476953907815,0.0,0.0,0.0
5.248496993987976,0.0,0.0,0.0
5.258517034068136,0.0,0.0,0.0
5.268537074148297,0.0,0.0,0.0
5.278557114228457,0.0,0.0,0.0
5.288577154308617,0.0,0.0,0.0
5.298597194388777,0.0,0.0,0.0
5.3086172344689375,0.0,0.0,0.0
5.318637274549098,0.0,0.0,0.0
5.328657314629258,0.0,0.0,0.0
5.338677354709419,0.0,0.0,0.0
5.348697394789579,0.0,0.0,0.0
5.35871743486974,0.0,0.0,0.0
5.368737474949899,0.0,0.0,0.0
5.37875751503006,0.0,0.0,0.0
5.38877755511022,0.0,0.0,0.0
5.398797595190381,0.0,0.0,0.0
5.408817635270541,0.0,0.0,0.0
5.4188376753507015,0.0,0.0,0.0
5.428857715430862,0.0,0.0,0.0
5.4388777555110215,0.0,0.0,0.0
5.448897795591182,0.0,0.0,0.0
5.458917835671342,0.0,0.0,0.0
5.468937875751503,0.0,0.0,0.0
5.478957915831663,0.0,0.0,0.0
5.488977955911824,0.0,0.0,0.0
5.498997995991984,0.0,0.0,0.0
5.509018036072144,0.0,0.0,0.0
5.519038076152304,0.0,0.0,0.0
5.529058116232465,0.0,0.0,0.0
5.539078156312625,0.0,0.0,0.0
5.5490981963927855,0.0,0.0,0.0
5.559118236472946,0.0,0.0,0.0
5.569138276553106,0.0,0.0,0.0
5.579158316633267,0.0,0.0,0.0
5.589178356713426,0.0,0.0,0.0
5.599198396793587,0.0,0.0,0.0
5.609218436873747,0.0,0.0,0.0
5.619238476953908,0.0,0.0,0.0
5.629258517034068,0.0,0.0,0.0
5.6392785571142285,0.0,0.0,0.0
5.649298597194389,0.0,0.0,0.0
5.6593186372745485,0.0,0.0,0.0
5.669338677354709,0.0,0.0,0.0
5.679358717434869,0.0,0.0,0.0
5.68937875751503,0.0,0.0,0.0
5.69939879759519,0.0,0.0,0.0
5.709418837675351,0.0,0.0,0.0
5.719438877755511,0.0,0.0,0.0
5.729458917835671,0.0,0.0,0.0
5.739478957915831,0.0,0.0,0.0
5.749498997995992,0.0,0.0,0.0
5.759519038076152,0.0,0.0,0.0
5.7695390781563125,0.0,0.0,0.0
5.779559118236473,0.0,0.0,0.0
5.789579158316633,0.0,0.0,0.0
5.799599198396794,0.0,0.0,0.0
5.809619238476953,0.0,0.0,0.0
5.819639278557114,0.0,0.0,0.0
5.829659318637274,0.0,0.0,0.0
5.839679358717435,0.0,0.0,0.0
5.849699398797595,0.0,0.0,0.0
5.859719438877756,0.0,0.0,0.0
5.869739478957916,0.0,0.0,0.0
5.879759519038076,0.0,0.0,0.0
5.889779559118236,0.0,0.0,0.0
5.8997995991983965,0.0,0.0,0.0
5.909819639278557,0.0,0.0,0.0
5.919839679358717,0.0,0.0,0.0
5.929859719438878,0.0,0.0,0.0
5.939879759519038,0.0,0.0,0.0
5.949899799599198,0.0,0.0,0.0
5.959919839679358,0.0,0.0,0.0
5.969939879759519,0.0,0.0,0.0
5.979959919839679,0.0,0.0,0.0
5.98997995991984,0.0,0.0,0.0
6.0,0.0,0.0,0.0
