lambda_A,Sigma_z,Sigma_x,Sigma_y
1.0,14.289599818095608,14.457117791160762,14.493880869130074
1.0100200400801602,14.401389770353218,14.42165058045104,14.534569967685233
1.0200400801603207,14.315901282004926,13.959963141017045,14.28394678392141
1.0300601202404809,14.617159756832947,14.206445345987849,14.58129065770288
1.0400801603206413,14.92028312812654,14.452649952403387,14.886050543039623
1.0501002004008015,15.083085696006309,14.662955711623539,15.161036888625947
1.060120240480962,15.399181839691845,14.90730673904571,15.482439053733199
1.0701402805611222,15.724113218661143,15.147977957022926,15.812455488496841
1.0801603206412826,16.05966005944557,15.383814431360758,16.15184500012663
1.0901803607214429,15.93353610487045,15.27333875625505,15.897098549905797
1.100200400801603,16.259859477664918,15.526502931146736,16.19221602442183
1.1102204408817635,15.939572527982,15.616219290332124,16.27890634738129
1.1202404809619237,16.225670611729967,15.908730735475476,16.610862328325183
1.1302605210420842,16.51275675196068,16.205817915872846,16.951060638637767
1.1402805611222444,16.79843267616918,16.507022634952136,17.299675036544254
1.1503006012024048,16.627262831937713,16.114794216641222,16.68982080401919
1.160320641282565,16.911730689412877,16.402930369263284,16.95391716431182
1.1703406813627255,17.19726141240098,16.69519895183034,17.210562973660668
1.1803607214428857,17.48380331248459,16.991364150698875,17.457649732453685
1.1903807615230462,17.77138504127855,17.29103677743431,17.692811049117545
1.2004008016032064,18.06017701794625,17.593642011685905,17.913452062813445
1.2104208416833666,17.363788534905357,17.160977602806728,17.687281422207754
1.220440881763527,17.610699598184546,17.476353313269936,17.96751685829395
1.2304609218436873,16.494041160315,16.14934903380721,16.688795918378304
1.2404809619238477,16.74671650838427,16.43563912845825,16.939783728682382
1.250501002004008,16.99848488622677,16.728888235505714,17.190769873982212
1.2605210420841684,17.24934064303548,17.029816074923207,17.442261385969452
1.2705410821643286,17.499482642940773,17.339283914933556,17.694978732378093
1.280561122244489,17.53258431750679,16.91132507257993,17.683757611352483
1.2905811623246493,17.835616032405277,17.154336184180814,17.966979789750603
1.3006012024048097,18.144294686868083,17.395954699486296,18.25577509748544
1.31062124248497,18.45880171488607,17.635751418631866,18.551200235467434
1.3206412825651301,18.77927868973596,17.87325942920274,18.85447822964952
1.3306613226452906,19.105809344707705,18.10798358358353,19.167001410248833
1.340681362725451,19.438397046077025,18.339418032678296,19.490326877189773
1.3507014028056112,19.77693686763676,18.5670749818361,19.82616149346331
1.3607214428857715,20.1211812977862,18.790528719313926,20.176332696342516
1.370741482965932,20.47069848089217,19.009480045463004,20.542740515387873
1.3807615230460921,20.824821754118155,19.223847536495562,20.92728511143523
1.3907815631262526,21.182589089038622,19.43389364974969,21.331762874408014
1.4008016032064128,19.550769934293758,17.6879134254733,19.045606450105776
1.4108216432865732,19.883596135458543,17.87657382517184,19.314873684031987
1.4208416833667334,20.223415247374835,18.061650326926504,19.583437747998534
1.4308617234468937,20.570549341688967,18.243584914824897,19.850505824101297
1.440881763527054,20.92532465668601,18.423198883434488,20.115240954363166
1.4509018036072145,21.28807243386825,18.6018270744471,20.37679871401741
1.4609218436873748,21.659132548923274,18.781489222861136,20.63438006227262
1.470941883767535,22.03886137594513,18.965106972910387,20.887304656766904
1.4809619238476954,19.842662693986085,18.15917356563609,19.663535529266237
1.4909819639278556,20.087270326271494,18.44028891424461,19.94210928817763
1.5010020040080159,20.328143428653757,18.729203062918252,20.22443096713037
1.5110220440881763,20.564821616665622,19.026142310281667,20.510593851492214
1.5210420841683367,20.796868227499413,19.331299951889065,20.800671780681373
1.531062124248497,21.023900382447035,19.64485173647975,21.094725981614513
1.5410821643286572,21.245631343279705,19.96698341411096,21.39281853723894
1.5511022044088176,21.46192873110275,20.2979344384236,21.69503489403281
1.561122244488978,21.67289297934109,20.63806283197583,22.001518399445782
1.5711422845691383,21.878961341577774,20.987937342308545,22.31252055767835
1.5811623246492985,22.081043891936137,21.348464332767307,22.628471516791603
1.591182364729459,22.280699265299393,21.7210583948627,22.950076270869538
1.6012024048096192,22.48035941470167,22.10786747038989,23.278443199159625
1.6112224448897794,22.683614444909107,22.512065367823286,23.615252893749126
1.6212424849699398,20.60968872579851,19.335151574257154,19.906256205468406
1.6312625250501003,20.818237319141716,19.614112243059573,20.008374419761676
1.6412825651302605,21.03117529076408,19.895942380536972,20.100111883653828
1.6513026052104207,21.25218189570753,20.18195570843473,20.183643624767562
1.6613226452905812,18.56011791644431,17.435724419150404,18.84827166858633
1.6713426853707416,18.764875491079433,17.669282722938057,19.05723755195097
1.6813627254509018,18.968295509938603,17.906927729939202,19.26177972277748
1.691382765531062,19.170178645074127,18.149127971931808,19.46103302742366
1.7014028056112225,19.370322715994746,18.396374845506404,19.653988415257427
1.7114228456913827,19.568518069315893,18.649161478825167,19.839454121695976
1.721442885771543,19.764539178251084,18.90795253892834,20.016005655634288
1.7314629258517034,19.958131101686018,19.173142703139185,20.18192193340186
1.7414829659318638,20.148989117495923,19.445001086880445,20.33510439367968
1.751503006012024,20.33672946101438,19.723598422667457,20.472975340446972
1.7615230460921842,20.520848648673855,20.008713212651728,20.592351083555215
1.7715430861723447,20.700668339342098,20.299712420380434,20.68928466732503
1.7815631262525051,20.875262071196637,20.595401515923797,20.75887208374164
1.7915831663326653,21.043359498321617,20.89383783059453,20.79501484410191
1.8016032064128256,21.203222925452348,21.192100200319828,20.790130615542807
1.811623246492986,20.807599052952547,19.577987091939388,19.66117894995939
1.8216432865731462,21.03964246255413,19.784172293636612,19.805793873571908
1.8316633266533064,21.27573993791694,19.988912015875155,19.950236048573306
1.8416833667334669,21.516229909175212,20.19194035071506,20.094757450717772
1.8517034068136273,21.761467652679116,20.392972359095122,20.23964819389853
1.8617234468937875,22.011824356916772,20.59170406445514,20.385241378535746
1.8717434869739478,22.267685575342004,20.78781284639237,20.531918456256474
1.8817635270541082,22.52944886895592,20.980958313041707,20.68011510715516
1.8917835671342687,22.797520394790713,21.170783736556647,20.83032760757226
1.9018036072144289,23.07231014133034,21.356918141056763,20.983119643011662
1.911823647294589,23.354225447176667,21.53897913642681,21.13912949168259
1.9218436873747495,23.643662363601575,21.71657659407965,21.299077468239
1.9318637274549098,23.940994333528852,21.88931726185904,21.463773473517588
1.94188376753507,24.246557557316887,22.05681041422744,21.634124443229677
1.9519038076152304,24.560632297636047,22.218674630264694,21.811141425283072
1.9619238476953909,24.883419239725878,22.37454578522829,21.995945940175623
1.971943887775551,25.215009867138757,22.5240863308502,22.189775190016395
1.9819639278557113,25.555349634255293,22.66699592443646,22.39398557730542
1.9919839679358717,25.904192512663702,22.803023446362175,22.610053872537044
2.0020040080160317,26.261045255931958,22.93198041878338,22.839575227659044
2.012024048096192,26.625099463061623,23.05375580426133,23.08425706783799
2.0220440881763526,26.99514922137275,23.168332120336007,23.3459077040005
2.032064128256513,27.369491770750795,23.27580275356857,23.626418290090175
2.0420841683366735,27.745808248730576,23.37639029272131,23.927736498429585
2.052104208416834,28.121021145027484,23.470465623911515,24.251830000184132
2.062124248496994,28.49112460963945,23.558567438933512,24.600637511486852
2.072144288577154,28.85098321483554,23.641421699457542,24.976004794687977
2.0821643286573144,29.194094162006138,23.719960472236867,25.379602583377782
2.092184368737475,26.036306811997623,22.9242425771563,24.892541289879034
2.1022044088176353,26.424215401957706,22.99870206009853,25.363844077208046
2.1122244488977957,26.831159554831455,23.05334940070264,25.864477752640312
2.122244488977956,27.258329137873865,23.086285103120087,26.396986674738642
2.132264529058116,27.706830771386688,23.09541417466448,26.964109041129536
2.1422845691382766,28.17763053603605,23.07840834984501,27.568779516782286
2.1523046092184366,28.671481936052807,23.032659634953884,28.2141283423757
2.162324649298597,29.188836423513205,22.9552235012821,28.903475965865834
2.1723446893787575,29.729733401237677,22.842749795508542,29.64032207502105
2.182364729458918,19.729091263335476,15.24625529642924,16.946667988252894
2.1923847695390783,19.90197652617175,15.3958061459302,17.089977969140023
2.2024048096192383,20.072486065434845,15.549673797249964,17.23188914379773
2.212424849699399,20.24028842140981,15.70820577024533,17.372155257667842
2.222444889779559,20.405026653313275,15.871774594677706,17.510520148928414
2.2324649298597192,20.56631686063668,16.040779109868705,17.64671817832538
2.2424849699398797,20.723746688199984,16.21564576973625,17.780474739066246
2.25250501002004,20.87687383018154,16.396829949772027,17.911506853192957
2.2625250501002006,21.025224551948476,16.584817253462017,18.039523861582673
2.272545090180361,21.168292252618812,16.78012481694862,18.164228215581897
2.282565130260521,21.305536096007874,16.98330261244693,18.285316379280907
2.292585170340681,21.436379743017003,17.19493475312622,18.402479852598987
2.3026052104208414,21.560210224694508,17.41564080492614,18.515406326702976
2.312625250501002,21.676377002220576,17.646077114180972,18.62378098484475
2.3226452905811623,21.784191268037244,17.886938164066265,18.727287963505933
2.3326653306613228,21.882925551361822,18.13895797786482,18.825611990811936
2.342685370741483,21.971813701503038,18.402911592987273,18.91844022155479
2.352705410821643,22.050051333863944,18.67961663670178,19.005464290883552
2.3627254509018036,22.116796836399935,18.96993504276753,19.086382611822597
2.3727454909819636,22.171173048748216,19.274774957779176,19.160902945307335
2.382765531062124,22.21226974241517,19.59509289718166,19.228745275431997
2.3927855711422845,22.239147048470937,19.931896223790545,19.289645027139635
2.402805611222445,22.250839999343214,20.28624603645312,19.343356668709156
2.4128256513026054,22.246364373724038,20.65926057342751,19.389657747171167
2.4228456913827654,22.224724058523172,21.05211925438248,19.42835341128474
2.432865731462926,22.184920169454422,21.466067506888496,19.459281484005338
2.442885771543086,22.125962202480757,21.902422548164736,19.482318154554125
2.4529058116232463,22.046881522245283,22.36258032097819,19.497384369349383
2.4629258517034067,21.946747531073495,22.848023814290077,19.504453011279324
2.472945891783567,21.824686903466397,23.360333034881865,19.50355696818741
2.4829659318637276,21.679906316558476,23.90119693615591,19.494798204121512
2.492985971943888,21.511719157157643,24.47242765502595,19.478357960988394
2.503006012024048,21.319576741114002,25.075977457750234,19.454508233890994
2.513026052104208,21.10310464130806,25.71395885121459,19.423624680749448
2.5230460921843685,20.862144786965313,26.388668378082482,19.38620114597537
2.533066132264529,20.596804069784636,27.102614682979496,19.3428659991487
2.5430861723446894,20.30751027204264,27.858551513092426,19.294400513018754
2.55310621242485,19.995076218968514,28.659516400918864,19.241759530910425
2.5631262525050102,16.11415596487272,16.862535957842425,14.7698496370152
2.5731462925851702,16.193526610053276,17.052295483432108,14.91922872998089
2.5831663326653307,16.2724410755774,17.2435873304846,15.071730389047579
2.5931863727454907,16.35090869664248,17.436407513235345,15.22744342981084
2.603206412825651,16.42894132229859,17.63075148629754,15.386458298676652
2.6132264529058116,16.506553442665005,17.82661408887642,15.548867011312028
2.623246492985972,16.583762310620504,18.023989483647394,15.714763078184196
2.6332665330661325,16.6605880568947,18.222871090213413,15.88424141634868
2.6432865731462925,16.737053797450795,18.423251513096528,16.057398246649278
2.653306613226453,16.81318573201677,18.625122464264965,16.23433097550128
2.663326653306613,16.889013232592433,18.828474680246526,16.415138060441393
2.6733466933867733,16.96456892073575,19.033297833936732,16.599918858647026
2.6833667334669338,17.039888732411136,19.23958044127046,16.78877345765008
2.693386773547094,17.115011969169352,19.447309762994223,16.98180248750102
2.7034068136272547,17.189981334419816,19.656471701850304,17.17910691367416
2.7134268537074147,17.264842953555274,19.867050695562416,17.38078781004709
2.723446893787575,17.33964637669439,20.079029606100455,17.58694611133645
2.733466933867735,17.414444562821142,20.292389605792604,17.797682344426512
2.7434869739478955,17.489293844121946,20.5071100609534,18.013096338090516
2.753507014028056,17.56425386935156,20.723168413800344,18.233286910672643
2.7635270541082164,17.63938752509886,20.940540063544034,18.458351535375815
2.773547094188377,17.714760833873125,21.159198247654444,18.68838598288293
2.7835671342685373,17.790442827991185,21.379113924429312,18.9234839411295
2.7935871743486973,17.866505398316654,21.60025565812108,19.16373661214269
2.8036072144288577,17.943023116984406,21.822589508013458,19.409232285964993
2.8136272545090177,18.020073033336867,22.046078922979472,19.660055891790705
2.823647294589178,18.097734442404544,22.270684643197704,19.916288526558525
2.8336673346693386,18.176088625380764,22.496364610852496,20.17800696136469
2.843687374749499,18.25521856167176,22.723073891796716,20.44528312618656
2.8537074148296595,18.33520861224621,22.950764610310685,20.718183573535597
2.8637274549098195,18.4161441741648,23.179385899247414,20.996768921791258
2.87374749498998,18.49811130634019,23.408883868011877,21.281093279101313
2.88376753507014,18.58119632675952,23.639201590978868,21.571203648868856
2.8937875751503004,18.665485381597524,23.8702791191079,21.867139317979976
2.903807615230461,18.751063986855602,24.102053517665446,22.168931229058074
2.9138276553106213,18.838016543382366,24.334458933109204,22.476601338156367
2.9238476953907817,18.926425826362788,24.567426692327786,22.79016195942213
2.9338677354709417,19.016372450605424,24.800885437557024,23.10961509837618
2.943887775551102,19.107934313209725,25.034761300410235,23.43495177555176
2.953907815631262,19.20118601545673,25.268978118560444,23.766151342321187
2.9639278557114226,19.2961982660358,25.50345769869651,24.103180790807013
2.973947895791583,19.393037267994274,25.73812012943517,24.445994059817455
2.9839679358717435,19.49176409207756,25.97288414790916,24.794531338767992
2.993987975951904,19.592434039407372,26.20766756375776,25.148718371537807
3.004008016032064,19.695095996727947,26.442387744220824,25.508465762164885
3.0140280561122244,19.79979178772846,26.676962163971954,25.873668284196242
3.024048096192385,19.90655552422187,26.91130902321894,26.24420419537543
3.034068136272545,20.015412961223703,27.14534793744145,26.619934559163312
3.0440881763527052,20.12638086022391,27.379000701922543,27.000702574340096
3.0541082164328657,20.239466365176586,27.612192133954597,27.38633291362061
3.064128256513026,20.354666395942147,27.84485099525484,27.776631071824035
3.074148296593186,20.471967064097623,28.076910996701187,28.171382723659033
3.0841683366733466,20.59134311617907,28.308311886989948,28.570353090614148
3.094188376753507,20.712757409526827,28.539000626210274,28.973286315760728
3.1042084168336674,20.836160425965126,28.7689326446193,29.37990484447953
3.1142284569138274,20.961489828551336,28.998073186073324,29.789908808191964
3.124248496993988,21.088670066571833,29.226398734614236,30.202975407105004
3.1342685370741483,21.21761203382744,29.45389852161306,30.618758286745848
3.1442885771543083,21.34821278503661,29.680576109621956,31.03688690165787
3.1543086172344688,21.480355314871886,29.906451047665247,31.456965858030493
3.164328657314629,21.613908403728598,30.131560591097905,31.878574225229418
3.1743486973947896,21.74872653378545,30.355961477354413,32.301264804157576
3.1843687374749496,21.884649878245114,30.579731746889674,32.72456333809106
3.19438877755511,22.021504365820185,30.802972596353868,33.147967649076826
3.2044088176352705,22.15910182154155,31.025810248526493,33.570946680124415
3.214428857715431,22.29724018379312,31.24839782073944,33.99293942024794
3.224448897795591,22.435703796099965,31.470917170421565,34.41335368589026
3.2344689378757514,22.57426377059557,31.693580692972752,34.831564728356724
3.244488977955912,22.712678418245066,31.916633043399457,35.246913632573616
3.254509018036072,22.850693738781803,32.1403527489861,35.658705467730414
3.2645290581162323,22.988043960897283,32.36505367570951,36.066207145130505
3.2745490981963927,23.12445212048307,32.591086306094255,36.46864493282454
3.284569138276553,23.25963066162643,32.81883878072272,36.86520157029467
3.294589178356713,23.393282041579255,33.048737649618225,37.25501291955115
3.3046092184368736,23.52509931701585,33.281248273175414,37.63716408145329
3.314629258517034,23.654766684535492,33.51687480517963,38.010684897823154
3.3246492985971945,23.781959943509904,33.75615968269283,38.37454475093283
3.3346693386773545,23.90634684398256,33.99968253914251,38.72764656216126
3.344689378757515,24.027587276353145,34.2480584477857,39.06881988097235
3.3547094188376754,24.145333252976904,34.501935392779956,39.39681294380787
3.3647294589178354,24.25922862452887,34.76199085432477,39.710283569945545
3.374749498997996,24.36890846596901,35.02892738268418,40.00778874777871
3.3847695390781563,24.473998058143074,35.30346702330156,40.287772750257034
3.3947895791583167,24.574111381403718,35.586344441612034,40.54855360230861
3.4048096192384767,24.66884902707301,35.87829858147427,40.78830770586322
3.414829659318637,24.757795421023328,36.18006267531637,41.00505240952724
3.4248496993987976,24.84051524105648,36.49235240704034,41.1966262899315
3.434869739478958,24.91654889603423,36.81585201038226,41.36066689019021
3.444889779559118,24.98540691977635,37.15119806569303,41.494585637666844
3.4549098196392785,25.046563116509095,37.49896073690549,41.5955396382397
3.464929859719439,25.099446277026047,37.85962216768777,41.660400017376
3.474949899799599,25.143430265619642,38.233551731362375,41.68571644944818
3.4849699398797593,25.17782225715282,38.62097780298347,41.667677485725285
3.49498997995992,25.201848881258357,39.02195569391052,41.60206625822036
3.50501002004008,25.214640006466176,39.43633135917844,41.484211100929386
3.51503006012024,25.215209870944832,39.863700455821835,41.308930591811105
3.5250501002004007,25.202435238376992,40.30336229594319,41.07047247797865
3.535070140280561,25.17503022713521,40.75426820158158,40.76244590283642
3.5450901803607215,25.131517428244017,41.21496372921218,40.377746307133485
3.5551102204408815,25.07019489245676,41.68352418982946,39.90847232593263
3.565130260521042,24.98909852898619,42.15748284589485,39.34583395012809
3.5751503006012024,24.885959417839434,42.63375111879707,38.680051164182885
3.5851703406813624,24.758155494147342,43.10853008971259,37.90024221099234
3.595190380761523,24.6026570161634,43.577212522688214,36.99430056999216
3.6052104208416833,24.41596517854402,44.03427458120958,35.94875966559376
3.6152304609218437,17.499309628148804,22.780616973142518,21.316849049675263
3.6252505010020037,17.727160086681177,22.70565714590689,21.219081746888325
3.635270541082164,17.961425999346748,22.623165302988404,21.113555692212568
3.6452905811623246,18.202276559621207,22.533022611811553,21.00019895075644
3.655310621242485,18.449885196887614,22.435112422932455,20.878949696978477
3.665330661322645,18.704429358123065,22.329320716850727,20.749757213250522
3.6753507014028055,18.966090205260922,22.215536604603674,20.612582944352745
3.685370741482966,19.235052215732818,22.093652886552906,20.46740160765824
3.695390781563126,19.51150267240092,21.963566673987053,20.314202358280113
3.7054108216432864,19.79563102769181,21.825180078380047,20.15299000790555
3.715430861723447,20.08762812523186,21.678400973361928,19.98378629542298
3.7254509018036073,20.3876852606546,21.523143834675682,19.806631206753853
3.7354709418837673,20.695993061492302,21.359330663611104,19.62158434052507
3.7454909819639277,21.01274016417162,21.18689199962242,19.428726315354577
3.755511022044088,21.33811166409645,21.005768028049502,19.22816021356235
3.7655310621242486,21.672287312610717,20.815909789072506,19.02001305505847
3.7755511022044086,22.015439432282534,20.617280494235438,18.804437293986783
3.785571142284569,22.367730519424985,20.40985695707269,18.581612329412092
3.7955911823647295,22.72931050006021,20.1936311445663,18.35174601992109
3.8056112224448895,23.10031360263158,19.968611856343347,18.11507619045099
3.81563126252505,23.480854807657785,19.73482653869671,17.87187211795883
3.8256513026052104,23.87102583119549,19.492323240673006,17.622435980685857
3.835671342685371,24.27089059541776,19.241172719617587,17.36710425374383
3.845691382765531,24.680480135809535,18.981470703696903,17.10624903154448
3.8557114228456912,25.099786890417704,18.71334031903093,16.840279255195018
3.8657314629258517,25.528758312253323,18.436934689158402,16.56964182037931
3.875751503006012,25.967289741314662,18.152439714626173,16.294822538422828
3.885771543086172,26.415216467761574,17.86007704053579,16.016346920185708
3.8957915831663326,26.872304912511975,17.560107219892622,15.734780749125555
3.905811623246493,27.338242845925947,17.252833080584274,15.450730406304949
3.915831663326653,27.812628559278238,16.938603303760228,15.164842906272666
3.9258517034068134,28.294958897372116,16.617816221291374,14.877805598600801
3.935871743486974,28.784616053896602,16.290923839852532,14.590345485398535
3.9458917835671343,29.28085302395593,15.958436098987612,14.303228100322787
3.9559118236472943,29.782777600574878,15.62092537028509,14.017255889450281
3.9659318637274548,30.289334793891086,15.279031204501877,13.733266028839756
3.975951903807615,30.799287543152293,14.933465333125369,13.452127607675488
3.9859719438877756,31.311195582522622,14.585016930449617,13.174738099521292
3.9959919839679356,31.823392312034724,14.234558141757185,12.902019037400418
4.006012024048096,32.333959514779544,13.883049882637565,12.63491080112667
4.0160320641282565,32.84069975056879,13.531547913830961,12.374366417518385
4.026052104208416,33.34110624480871,13.181209195253421,12.12134426579745
4.0360721442885765,33.83233007915041,12.833298522034589,11.876799571585973
4.046092184368737,34.31114447760292,12.489195444468505,11.641674563424555
4.056112224448897,34.77390596816778,12.150401472740235,11.416887155621692
4.066132264529058,35.21651218564841,11.81854756613308,11.203318010463539
4.076152304609218,35.634356066055645,11.495401905139264,11.001795821334865
4.086172344689379,36.022276166942014,11.18287794347794,10.813080646083675
4.096192384769539,36.37450283099833,10.883042735462832,10.637845106966354
4.1062124248497,36.68459989230259,10.59812553244488,10.476653259694091
4.11623246492986,36.94540160566777,10.330526640174702,10.32993691942131
4.1262525050100205,37.14894445955004,10.082826526874166,10.19796921592761
4.13627254509018,37.286393511898524,9.857795169563675,10.080835133697818
4.1462925851703405,37.34796286609972,9.658401623750285,9.978398775049964
4.156312625250501,37.32282988074018,9.487823798931394,9.890267065848395
4.166332665330661,37.199042682222796,9.349458419490391,9.815749603610213
4.176352705410821,0.0,0.0,0.0
4.186372745490981,0.0,0.0,0.0
4.196392785571142,0.0,0.0,0.0
4.206412825651302,0.0,0.0,0.0
4.216432865731463,0.0,0.0,0.0
4.226452905811623,0.0,0.0,0.0
4.236472945891784,0.0,0.0,0.0
4.246492985971944,0.0,0.0,0.0
4.2565130260521045,0.0,0.0,0.0
4.266533066132265,0.0,0.0,0.0
4.276553106212425,0.0,0.0,0.0
4.286573146292585,0.0,0.0,0.0
4.296593186372745,0.0,0.0,0.0
4.306613226452906,0.0,0.0,0.0
4.316633266533065,0.0,0.0,0.0
4.326653306613226,0.0,0.0,0.0
4.336673346693386,0.0,0.0,0.0
4.346693386773547,0.0,0.0,0.0
4.356713426853707,0.0,0.0,0.0
4.3667334669338675,0.0,0.0,0.0
4.376753507014028,0.0,0.0,0.0
4.386773547094188,0.0,0.0,0.0
4.396793587174349,0.0,0.0,0.0
4.406813627254509,0.0,0.0,0.0
4.41683366733467,0.0,0.0,0.0
4.426853707414829,0.0,0.0,0.0
4.43687374749499,0.0,0.0,0.0
4.44689378757515,0.0,0.0,0.0
4.456913827655311,0.0,0.0,0.0
4.46693386773547,0.0,0.0,0.0
4.476953907815631,0.0,0.0,0.0
4.486973947895791,0.0,0.0,0.0
4.4969939879759515,0.0,0.0,0.0
4.507014028056112,0.0,0.0,0.0
4.517034068136272,0.0,0.0,0.0
4.527054108216433,0.0,0.0,0.0
4.537074148296593,0.0,0.0,0.0
4.547094188376754,0.0,0.0,0.0
4.557114228456914,0.0,0.0,0.0
4.567134268537075,0.0,0.0,0.0
4.577154308617234,0.0,0.0,0.0
4.587174348697395,0.0,0.0,0.0
4.597194388777555,0.0,0.0,0.0
4.6072144288577155,0.0,0.0,0.0
4.617234468937875,0.0,0.0,0.0
4.6272545090180355,0.0,0.0,0.0
4.637274549098196,0.0,0.0,0.0
4.647294589178356,0.0,0.0,0.0
4.657314629258517,0.0,0.0,0.0
4.667334669338677,0.0,0.0,0.0
4.677354709418838,0.0,0.0,0.0
4.687374749498998,0.0,0.0,0.0
4.697394789579159,0.0,0.0,0.0
4.707414829659319,0.0,0.0,0.0
4.7174348697394795,0.0,0.0,0.0
4.727454909819639,0.0,0.0,0.0
4.7374749498997994,0.0,0.0,0.0
4.74749498997996,0.0,0.0,0.0
4.757515030060119,0.0,0.0,0.0
4.76753507014028,0.0,0.0,0.0
4.77755511022044,0.0,0.0,0.0
4.787575150300601,0.0,0.0,0.0
4.797595190380761,0.0,0.0,0.0
4.807615230460922,0.0,0.0,0.0
4.817635270541082,0.0,0.0,0.0
4.8276553106212425,0.0,0.0,0.0
4.837675350701403,0.0,0.0,0.0
4.847695390781563,0.0,0.0,0.0
4.857715430861724,0.0,0.0,0.0
4.867735470941883,0.0,0.0,0.0
4.877755511022044,0.0,0.0,0.0
4.887775551102204,0.0,0.0,0.0
4.897795591182365,0.0,0.0,0.0
4.907815631262524,0.0,0.0,0.0
4.917835671342685,0.0,0.0,0.0
4.927855711422845,0.0,0.0,0.0
4.937875751503006,0.0,0.0,0.0
4.947895791583166,0.0,0.0,0.0
4.9579158316633265,0.0,0.0,0.0
4.967935871743487,0.0,0.0,0.0
4.977955911823647,0.0,0.0,0.0
4.987975951903808,0.0,0.0,0.0
4.997995991983968,0.0,0.0,0.0
5.008016032064128,0.0,0.0,0.0
5.018036072144288,0.0,0.0,0.0
5.028056112224449,0.0,0.0,0.0
5.038076152304609,0.0,0.0,0.0
5.04809619238477,0.0,0.0,0.0
5.05811623246493,0.0,0.0,0.0
5.06813627254509,0.0,0.0,0.0
5.07815631262525,0.0,0.0,0.0
5.0881763527054105,0.0,0.0,0.0
5.098196392785571,0.0,0.0,0.0
5.108216432865731,0.0,0.0,0.0
5.118236472945892,0.0,0.0,0.0
5.128256513026052,0.0,0.0,0.0
5.138276553106213,0.0,0.0,0.0
5.148296593186372,0.0,0.0,0.0
5.158316633266533,0.0,0.0,0.0
5.168336673346693,0.0,0.0,0.0
5.1783567134268536,0.0,0.0,0.0
5.188376753507014,0.0,0.0,0.0
5.198396793587174,0.0,0.0,0.0
5.208416833667335,0.0,0.0,0.0
5.218436873747494,0.0,0.0,0.0
5.228456913827655,0.0,0.0,0.0
5.238476953907815,0.0,0.0,0.0
5.248496993987976,0.0,0.0,0.0
5.258517034068136,0.0,0.0,0.0
5.268537074148297,0.0,0.0,0.0
5.278557114228457,0.0,0.0,0.0
5.288577154308617,0.0,0.0,0.0
5.298597194388777,0.0,0.0,0.0
5.3086172344689375,0.0,0.0,0.0
5.318637274549098,0.0,0.0,0.0
5.328657314629258,0.0,0.0,0.0
5.338677354709419,0.0,0.0,0.0
5.348697394789579,0.0,0.0,0.0
5.35871743486974,0.0,0.0,0.0
5.368737474949899,0.0,0.0,0.0
5.37875751503006,0.0,0.0,0.0
5.38877755511022,0.0,0.0,0.0
5.398797595190381,0.0,0.0,0.0
5.408817635270541,0.0,0.0,0.0
5.4188376753507015,0.0,0.0,0.0
5.428857715430862,0.0,0.0,0.0
5.4388777555110215,0.0,0.0,0.0
5.448897795591182,0.0,0.0,0.0
5.458917835671342,0.0,0.0,0.0
5.468937875751503,0.0,0.0,0.0
5.478957915831663,0.0,0.0,0.0
5.488977955911824,0.0,0.0,0.0
5.498997995991984,0.0,0.0,0.0
5.509018036072144,0.0,0.0,0.0
5.519038076152304,0.0,0.0,0.0
5.529058116232465,0.0,0.0,0.0
5.539078156312625,0.0,0.0,0.0
5.5490981963927855,0.0,0.0,0.0
5.559118236472946,0.0,0.0,0.0
5.569138276553106,0.0,0.0,0.0
5.579158316633267,0.0,0.0,0.0
5.589178356713426,0.0,0.0,0.0
5.599198396793587,0.0,0.0,0.0
5.609218436873747,0.0,0.0,0.0
5.619238476953908,0.0,0.0,0.0
5.629258517034068,0.0,0.0,0.0
5.6392785571142285,0.0,0.0,0.0
5.649298597194389,0.0,0.0,0.0
5.6593186372745485,0.0,0.0,0.0
5.669338677354709,0.0,0.0,0.0
5.679358717434869,0.0,0.0,0.0
5.68937875751503,0.0,0.0,0.0
5.69939879759519,0.0,0.0,0.0
5.709418837675351,0.0,0.0,0.0
5.719438877755511,0.0,0.0,0.0
5.729458917835671,0.0,0.0,0.0
5.739478957915831,0.0,0.0,0.0
5.749498997995992,0.0,0.0,0.0
5.759519038076152,0.0,0.0,0.0
5.7695390781563125,0.0,0.0,0.0
5.779559118236473,0.0,0.0,0.0
5.789579158316633,0.0,0.0,0.0
5.799599198396794,0.0,0.0,0.0
5.809619238476953,0.0,0.0,0.0
5.819639278557114,0.0,0.0,0.0
5.829659318637274,0.0,0.0,0.0
5.839679358717435,0.0,0.0,0.0
5.849699398797595,0.0,0.0,0.0
5.859719438877756,0.0,0.0,0.0
5.869739478957916,0.0,0.0,0.0
5.879759519038076,0.0,0.0,0.0
5.889779559118236,0.0,0.0,0.0
5.8997995991983965,0.0,0.0,0.0
5.909819639278557,0.0,0.0,0.0
5.919839679358717,0.0,0.0,0.0
5.929859719438878,0.0,0.0,0.0
5.939879759519038,0.0,0.0,0.0
5.949899799599198,0.0,0.0,0.0
5.959919839679358,0.0,0.0,0.0
5.969939879759519,0.0,0.0,0.0
5.979959919839679,0.0,0.0,0.0
5.98997995991984,0.0,0.0,0.0
6.0,0.0,0.0,0.0
