l,mu,nu,Real,Imag,Magnitud
0,0,0,1.0000000000000007,0.0,1.0000000000000007
4,0,0,0.9438235843271516,-0.10446189541010441,0.9495868817147927
4,0,1,-0.29912564103575967,0.030876519415114517,0.30071499559590653
4,0,2,0.4832532388638697,0.18231061851103827,0.5164986490730616
4,0,3,-0.45784087281336305,0.04875440260361832,0.4604294262878273
4,0,4,-0.059892894313378214,-1.2754900835950764e-19,0.059892894313378214
4,0,5,0.45784087281336305,0.048754402603618324,0.4604294262878273
4,0,6,0.4832532388638697,-0.18231061851103825,0.5164986490730616
4,0,7,0.29912564103575967,0.030876519415114517,0.30071499559590653
4,0,8,0.9438235843271516,0.10446189541010442,0.9495868817147927
6,0,0,-0.15332053815853777,0.1446745379632034,0.2108030107851641
6,0,1,-0.24590100853268354,0.10017953105684971,0.26552447051102696
6,0,2,2.0981560436482,0.05708402665470198,2.0989324356911974
6,0,3,-0.2042551865632945,-0.05897527958001049,0.21259883546140756
6,0,4,-1.6071261087438198,5.006567008078002e-19,1.6071261087438198
6,0,5,0.2042551865632945,-0.05897527958001049,0.21259883546140756
6,0,6,2.0981560436481996,-0.057084026654702,2.098932435691197
6,0,7,0.24590100853268348,0.10017953105684971,0.2655244705110269
6,0,8,-1.3787191106957744,0.11257418236567263,1.3833073890979715
6,0,9,-1.3787191106957744,-0.11257418236567263,1.3833073890979715
6,0,10,0.15332053815853774,0.1446745379632034,0.21080301078516409
6,0,11,-1.673574621572436,0.03611997144915392,1.6739643563435902
6,0,12,-1.673574621572436,-0.03611997144915392,1.6739643563435902
8,0,0,-0.027194050795233984,0.023350521971212783,0.0358435946158007
8,0,1,0.1052885455708307,0.13048309465827704,0.16766489143533234
8,0,2,-1.512465680971311,-0.1428119266974712,1.5191931024471692
8,0,3,0.3216820063988165,0.0035967253805797715,0.3217021132573293
8,0,4,0.8732075854473941,-0.08819670050850636,0.877650354790252
8,0,5,0.01799384006909325,-0.01014451315178753,0.020656462124935524
8,0,6,-0.1823652671157548,-0.03846422058202882,0.18637753865523488
8,0,7,0.10264404340342263,0.05802110649106483,0.11790779636924435
8,0,8,-0.10592312813886054,1.8849409597922264e-20,0.10592312813886054
8,0,9,-0.1026440434034226,0.058021106491064824,0.11790779636924434
8,0,10,-0.18236526711575482,0.03846422058202882,0.18637753865523488
8,0,11,-0.017993840069093256,-0.01014451315178753,0.02065646212493553
8,0,12,0.873207585447394,0.08819670050850639,0.8776503547902519
8,0,13,-0.3216820063988165,0.003596725380579772,0.3217021132573293
8,0,14,-1.512465680971311,0.1428119266974712,1.5191931024471692
8,0,15,-0.1052885455708307,0.13048309465827704,0.16766489143533234
8,0,16,-0.027194050795234,-0.023350521971212786,0.035843594615800715
9,0,0,0.10302811293407992,-0.009855001615109792,0.10349837250696911
9,0,1,9.387104371808713e-18,0.020962822770822474,0.020962822770822474
9,0,2,0.10302811293407993,0.00985500161510979,0.10349837250696912
9,0,3,0.17105580246927746,0.20516625135090008,0.26712034413685
9,0,4,0.6510469302741545,-0.07860510523130809,0.6557750132384008
9,0,5,0.2929136133511392,0.020561095303236313,0.2936343704788141
9,0,6,-0.6510469302741542,-0.07860510523130806,0.6557750132384005
9,0,7,-0.2646581490864435,0.02098896856453276,0.26548911970034683
9,0,8,0.26465814908644353,0.020988968564532764,0.2654891197003469
9,0,9,0.2929136133511392,-0.020561095303236313,0.2936343704788141
9,0,10,-0.17105580246927746,0.20516625135090005,0.26712034413685
9,0,11,-0.32219344538614636,-0.03903028889824975,0.32454888645822916
9,0,12,-0.32219344538614636,0.03903028889824974,0.32454888645822916
9,0,13,0.24082428589976462,0.017366618945956553,0.24144965548276442
9,0,14,-0.24610704312588066,-0.140359651816529,0.28331874017477443
9,0,15,0.18703458495813113,0.04173437756490663,0.19163427209450443
9,0,16,0.18703458495813113,-0.04173437756490663,0.19163427209450443
9,0,17,0.2461070431258806,-0.140359651816529,0.2833187401747744
9,0,18,0.24082428589976462,-0.01736661894595655,0.24144965548276442
10,0,0,-0.028364657398215927,0.0017277925121754086,0.02841723167874195
10,0,1,0.0602625518708223,-0.13309842165528799,0.14610532161804504
10,0,2,-0.24620556037384395,-0.05802329145977975,0.25295035147400974
10,0,3,-0.12378936947476686,-0.04425217509245369,0.1314612604358163
10,0,4,0.7122725552588656,0.10425414156694052,0.7198618749516141
10,0,5,-0.2785550063273707,-0.1445588563112744,0.3138314109327892
10,0,6,0.32763453226257516,-0.0385283325780266,0.32989213258603095
10,0,7,0.24710938568689764,0.012070112488335612,0.24740399372289246
10,0,8,-0.6476204802493257,-2.3364037468238583e-19,0.6476204802493257
10,0,9,-0.24710938568689764,0.012070112488335612,0.24740399372289246
10,0,10,0.3276345322625751,0.0385283325780266,0.3298921325860309
10,0,11,0.2785550063273706,-0.1445588563112744,0.31383141093278916
10,0,12,0.7122725552588656,-0.10425414156694052,0.7198618749516141
10,0,13,0.12378936947476685,-0.04425217509245369,0.1314612604358163
10,0,14,-0.24620556037384403,0.05802329145977976,0.25295035147400985
10,0,15,-0.06026255187082229,-0.13309842165528799,0.14610532161804504
10,0,16,-1.3637837367141008,0.09289915307151259,1.366944158759706
10,0,17,-1.3637837367141008,-0.0928991530715126,1.366944158759706
10,0,18,0.028364657398215923,0.0017277925121754094,0.028417231678741946
10,0,19,0.9521233588451552,-0.07450065785718013,0.9550336321196928
10,0,20,0.9521233588451552,0.07450065785718013,0.9550336321196928
12,0,0,-0.4321731496228794,-0.05375077877451459,0.4355029017972515
12,0,1,-0.06385118792991645,-0.010378234776897519,0.06468911776447345
12,0,2,0.8992750154076938,-0.006873137608033587,0.8993012806379668
12,0,3,-0.05686992220642481,0.053926089671006976,0.07837226039212021
12,0,4,-0.9162316716875041,-0.05678482596899614,0.9179896473618901
12,0,5,0.10285549169349228,0.0843864657135514,0.13304257877512166
12,0,6,0.8387814758233194,-3.749513458192248e-21,0.8387814758233194
12,0,7,-0.1028554916934923,0.0843864657135514,0.13304257877512166
12,0,8,-0.916231671687504,0.056784825968996124,0.91798964736189
12,0,9,0.0568699222064248,0.05392608967100698,0.07837226039212021
12,0,10,0.8992750154076938,0.006873137608033586,0.8993012806379668
12,0,11,0.06385118792991641,-0.01037823477689746,0.06468911776447339
12,0,12,-0.4321731496228794,0.05375077877451459,0.4355029017972515
12,0,13,-0.026009475333606008,0.014193581429605338,0.029630230524386694
12,0,14,0.5274189026617516,-0.03662328830050792,0.528688910542739
12,0,15,0.5274189026617516,0.03662328830050792,0.528688910542739
12,0,16,0.04046745194887812,-0.0916005856803978,0.10014130997858306
12,0,17,-0.026009475333606008,-0.014193581429605341,0.029630230524386694
12,0,18,-0.04046745194887817,-0.0916005856803978,0.10014130997858307
12,0,19,-0.024983237714239003,-0.029116331049175024,0.038365647400393596
12,0,20,0.09327384894010973,0.014575587631595138,0.0944058189462319
12,0,21,-0.09327384894010972,0.014575587631595145,0.09440581894623189
12,0,22,-0.024983237714239038,0.029116331049175027,0.03836564740039362
12,0,23,0.10702000837469654,-0.04806540143851422,0.11731822112513315
12,0,24,-0.10702000837469654,-0.04806540143851422,0.11731822112513315
12,1,0,-0.43236874265712594,0.011238317617002214,0.432514773631797
12,1,1,-0.09357864706369927,0.06137650342278706,0.11191085004895542
12,1,2,0.245870290151533,-0.027708634711882504,0.2474266922076023
12,1,3,0.07243877781588066,-0.04113198647177703,0.0833019618170723
12,1,4,-0.1340684482403989,-0.12402877176302299,0.1826403160275205
12,1,5,0.07311963412463991,-0.03938704656512631,0.08305311753115974
12,1,6,0.31934241653787226,-4.2436424363547576e-19,0.31934241653787226
12,1,7,-0.07311963412463991,-0.039387046565126316,0.08305311753115975
12,1,8,-0.13406844824039896,0.12402877176302302,0.18264031602752057
12,1,9,-0.07243877781588065,-0.04113198647177703,0.08330196181707229
12,1,10,0.245870290151533,0.027708634711882518,0.2474266922076023
12,1,11,0.0935786470636993,0.061376503422787033,0.11191085004895542
12,1,12,-0.43236874265712594,-0.011238317617002223,0.432514773631797
12,1,13,0.6374741478926965,0.11879549997149663,0.6484486564447469
12,1,14,-0.2418452734232627,0.036221402170564326,0.24454268799613382
12,1,15,-0.2418452734232627,-0.03622140217056432,0.24454268799613382
12,1,16,0.24495296358321558,-0.0007791116863477596,0.24495420262412307
12,1,17,0.6374741478926964,-0.11879549997149662,0.6484486564447468
12,1,18,-0.24495296358321567,-0.0007791116863478194,0.24495420262412315
12,1,19,0.14230035383462544,-0.10539970335141377,0.1770832803175546
12,1,20,0.05739978250308646,0.038233071568501066,0.06896740384387218
12,1,21,-0.05739978250308646,0.038233071568501066,0.06896740384387218
12,1,22,0.14230035383462553,0.10539970335141374,0.17708328031755466
12,1,23,0.2008399949056119,-0.019169928753186075,0.20175279359178264
12,1,24,-0.20083999490561194,-0.019169928753186075,0.20175279359178266
13,0,0,-0.11627216298936383,-0.01748202003414984,0.11757906663475265
13,0,1,-0.11627216298936385,0.017482020034149847,0.11757906663475268
13,0,2,0.07821656226806607,-0.00520095706392865,0.07838928860128204
13,0,3,0.2931076113326428,-0.006688104924694285,0.29318390571211667
13,0,4,-0.005243862133205845,0.03254809226147777,0.032967808540055245
13,0,5,-0.4664005035657519,-0.11039055249097879,0.4792864527666628
13,0,6,0.15744390263403552,0.02021174075461293,0.15873593462403948
13,0,7,0.27996539677982435,0.027512473806395918,0.28131398758154935
13,0,8,-0.25128908745701684,0.0670772452365252,0.2600876050554913
13,0,9,-0.009887434322069255,-0.03027945084945296,0.03185288842817352
13,0,10,0.18179464830435024,-0.0010065888867296121,0.1817974350019529
13,0,11,0.022229914348218378,-0.019626378469801354,0.02965406926155342
13,0,12,-9.638845511088959e-18,-0.03591926513181676,0.03591926513181676
13,0,13,0.0222299143482183,0.01962637846980142,0.029654069261553406
13,0,14,-0.18179464830435024,-0.0010065888867296095,0.1817974350019529
13,0,15,-0.009887434322069255,0.030279450849452962,0.03185288842817353
13,0,16,0.2512890874570168,0.0670772452365252,0.2600876050554912
13,0,17,-0.4633224222956995,-0.08211641268348763,0.4705430609773768
13,0,18,-0.2799653967798244,0.027512473806395925,0.2813139875815494
13,0,19,0.1574439026340355,-0.020211740754612958,0.15873593462403945
13,0,20,0.4664005035657519,-0.11039055249097879,0.4792864527666628
13,0,21,-0.00524386213320584,-0.03254809226147777,0.032967808540055245
13,0,22,-0.29310761133264285,-0.006688104924694282,0.2931839057121167
13,0,23,0.07821656226806607,0.0052009570639286505,0.07838928860128204
13,0,24,0.4633224222956995,-0.08211641268348763,0.4705430609773768
13,0,25,0.15557124897752517,0.02612960791029901,0.15775034046864395
13,0,26,0.15557124897752522,-0.026129607910299005,0.157750340468644
14,0,0,-0.33051286348854103,-0.02990357958305244,0.3318628888611604
14,0,1,0.00040086730578201837,0.01021622989674606,0.010224091543996118
14,0,2,0.01421329832389117,0.045875326927424194,0.04802669538852303
14,0,3,-0.26829225053687245,-0.01595811303551737,0.2687664284649299
14,0,4,-0.04445859853030355,-0.050339573465288404,0.06716129569883146
14,0,5,0.5406436103841297,0.007177123631564215,0.5406912469726224
14,0,6,-0.0031883716305058127,-0.055982296950003646,0.05607301744558252
14,0,7,-0.1760271688966199,-0.047258195998486775,0.18226053132477843
14,0,8,0.00581696938385912,-0.0045209705492112754,0.0073672455856710825
14,0,9,-0.023879711862687798,-0.015137285792813926,0.028273274656790616
14,0,10,-0.2189259711056375,0.008711321645855719,0.2190992194175141
14,0,11,0.1390240203900766,-0.02138844988141452,0.1406596745117456
14,0,12,-0.13902402039007655,-0.021388449881414508,0.14065967451174555
14,0,13,-0.21892597110563738,-0.008711321645855722,0.21909921941751398
14,0,14,0.023879711862687798,-0.015137285792813922,0.028273274656790616
14,0,15,-0.005816969383859112,-0.004520970549211322,0.007367245585671105
14,0,16,-0.17602716889661993,0.04725819599848678,0.18226053132477849
14,0,17,0.0031883716305058105,-0.05598229695000364,0.05607301744558251
14,0,18,0.5406436103841297,-0.007177123631564213,0.5406912469726224
14,0,19,0.04445859853030357,-0.050339573465288404,0.06716129569883147
14,0,20,-0.2682922505368725,0.01595811303551736,0.26876642846493
14,0,21,-0.01421329832389117,0.04587532692742419,0.04802669538852302
14,0,22,-0.00040086730578201793,0.01021622989674606,0.010224091543996118
14,0,23,-0.33051286348854103,0.029903579583052436,0.3318628888611604
14,0,24,0.1863354900532628,-0.00591177767363717,0.18642924654852874
14,0,25,0.21949311218913142,-2.8492873569556917e-19,0.21949311218913142
14,0,26,0.1863354900532628,0.0059117776736371695,0.18642924654852874
14,0,27,0.20828235979506207,-0.002509554911187485,0.20829747782354915
14,0,28,0.2082823597950621,0.002509554911187486,0.20829747782354918
15,0,0,-0.032468408065146996,0.01963106918517212,0.037941750086651474
15,0,1,-0.2069592241976005,0.002515710100874646,0.2069745135947523
15,0,2,-0.09350046282952638,0.00928314945718919,0.09396016929092964
15,0,3,0.2230425469611037,0.08392428408391234,0.2383091756812846
15,0,4,-0.027503812661945196,0.0019991442801620494,0.027576371929539274
15,0,5,-0.209004675925754,-0.014794530089922073,0.2095276418027251
15,0,6,0.03126675161868566,0.03391300327553135,0.04612701538091082
15,0,7,-0.09904414064858258,-0.02251849640687223,0.10157177008028621
15,0,8,0.07336539867492216,0.012973461529507558,0.07450364035929978
15,0,9,-0.08584953408920507,-0.03491313473559412,0.09267723280503865
15,0,10,0.11567128853859841,0.03896126064415004,0.12205665415355725
15,0,11,0.10003964177580293,-0.046003139010750815,0.11011003008569854
15,0,12,0.019408016792092822,0.01181519416382715,0.02272157408568104
15,0,13,-3.696470150855866e-18,0.033791324267492234,0.033791324267492234
15,0,14,0.01940801679209283,-0.011815194163827192,0.022721574085681064
15,0,15,0.10003964177580293,0.046003139010750815,0.11011003008569854
15,0,16,-0.11567128853859843,0.03896126064415004,0.12205665415355726
15,0,17,-0.08584953408920507,0.03491313473559412,0.09267723280503865
15,0,18,0.07336539867492219,-0.0129734615295075,0.0745036403592998
15,0,19,0.09904414064858257,-0.022518496406872233,0.1015717700802862
15,0,20,0.031266751618685654,-0.033913003275531345,0.0461270153809108
15,0,21,0.209004675925754,-0.014794530089922073,0.2095276418027251
15,0,22,-0.027503812661945223,-0.00199914428016205,0.0275763719295393
15,0,23,-0.22304254696110373,0.08392428408391232,0.23830917568128462
15,0,24,-0.09350046282952638,-0.00928314945718919,0.09396016929092964
15,0,25,0.2069592241976005,0.0025157101008746463,0.2069745135947523
15,0,26,-0.032468408065146996,-0.019631069185172125,0.037941750086651474
15,0,27,0.015575672302907172,0.002271840624106735,0.01574048371267196
15,0,28,0.10354942799939192,-0.022044546732024887,0.10586994889779479
15,0,29,-0.015575672302907174,0.002271840624106736,0.015740483712671963
15,0,30,-0.10354942799939189,-0.022044546732024894,0.10586994889779476
16,0,0,-0.028101768753089167,0.05826451424326499,0.06468742557140242
16,0,1,-0.07770745244902805,-0.007988506572077884,0.07811699177112548
16,0,2,0.14253463451641646,0.031170313818851526,0.1459030859861919
16,0,3,0.002357566211628823,-0.00233303124561097,0.003316798642548407
16,0,4,-0.028101768753089104,-0.05826451424326496,0.06468742557140236
16,0,5,0.06581601947720868,0.0184845004099736,0.06836245442661217
16,0,6,0.046107381437994095,-0.010096798548259348,0.04719995724566723
16,0,7,-0.07081005068439443,0.009125757145310578,0.071395677189881
16,0,8,-0.07894707241551144,0.02873851480835679,0.08401513242488015
16,0,9,0.07479718801149514,0.01178318483736299,0.07571963272057262
16,0,10,-0.012781706640138103,0.02519139613248797,0.028248512593382333
16,0,11,-0.07886706557934074,0.002594977132039111,0.07890974552874848
16,0,12,0.019683553386684424,-0.013462148283918977,0.02384683858176338
16,0,13,0.003000579613686949,-0.040200613195043734,0.04031243951034963
16,0,14,0.06050652768573498,2.8138913335860487e-19,0.06050652768573498
16,0,15,-0.0030005796136868723,-0.040200613195043755,0.04031243951034965
16,0,16,0.01968355338668441,0.013462148283918963,0.023846838581763362
16,0,17,-0.07886706557934074,-0.0025949771320391223,0.07890974552874848
16,0,18,0.07479718801149514,-0.011783184837362988,0.07571963272057262
16,0,19,-0.04278248768956409,0.005236238784605148,0.043101733718228855
16,0,20,-0.07894707241551145,-0.028738514808356787,0.08401513242488017
16,0,21,0.07081005068439443,0.009125757145310573,0.071395677189881
16,0,22,0.046107381437994074,0.010096798548259353,0.04719995724566721
16,0,23,-0.06581601947720864,0.018484500409973594,0.06836245442661214
16,0,24,0.06374249240169869,0.010769456882053842,0.06464585477132337
16,0,25,-0.002357566211628825,-0.00233303124561097,0.0033167986425484083
16,0,26,0.14253463451641646,-0.03117031381885152,0.1459030859861919
16,0,27,0.07770745244902805,-0.007988506572077884,0.07811699177112548
16,0,28,0.0637424924016987,-0.010769456882053836,0.06464585477132337
16,0,29,0.012781706640138103,0.02519139613248797,0.028248512593382333
16,0,30,0.04278248768956409,0.005236238784605147,0.043101733718228855
16,0,31,-0.01948793921266794,0.014083389772096706,0.024044160252116083
16,0,32,0.019487939212667976,0.014083389772096697,0.024044160252116104
16,1,0,-0.2433582813825925,0.020680858309694485,0.244235441772718
16,1,1,-0.025848810266680445,-0.027086036198791383,0.03744081127813714
16,1,2,-0.04663346773032736,-0.004707919521567034,0.046870511185360834
16,1,3,0.031221456583474458,0.0361183414156031,0.04774216100898503
16,1,4,-0.24335828138259233,-0.02068085830969449,0.24423544177271786
16,1,5,-0.032665939144320595,0.037301886905751716,0.04958320629920929
16,1,6,0.16941027004700795,0.008152714196350663,0.16960632755344815
16,1,7,0.046374395479028954,0.02009793778342124,0.05054217703257006
16,1,8,-0.21341542787957754,-0.034539513372639975,0.2161923283584363
16,1,9,0.19019339240780014,0.020228757842633643,0.19126612130600484
16,1,10,-0.07038661204041557,-0.011811889257523998,0.07137083355517145
16,1,11,0.04657607961424186,-0.017420683614588026,0.04972737083168355
16,1,12,-0.1803779586807274,0.03496116904528878,0.18373483969797197
16,1,13,-0.0927157512262502,-0.01738094217444434,0.09433084159658119
16,1,14,0.17674455057125354,-3.8466760098644256e-19,0.17674455057125354
16,1,15,0.09271575122625018,-0.017380942174444348,0.09433084159658117
16,1,16,-0.18037795868072734,-0.034961169045288766,0.1837348396979719
16,1,17,0.04657607961424186,0.017420683614588026,0.04972737083168355
16,1,18,0.19019339240780012,-0.02022875784263364,0.19126612130600482
16,1,19,0.03723850649453172,0.034292984299522676,0.05062326676648387
16,1,20,-0.21341542787957757,0.03453951337263997,0.21619232835843633
16,1,21,-0.04637439547902895,0.02009793778342124,0.05054217703257005
16,1,22,0.16941027004700832,-0.008152714196350688,0.16960632755344848
16,1,23,0.032665939144320554,0.037301886905751806,0.04958320629920933
16,1,24,0.303204698223211,0.05394518775803032,0.3079661869538239
16,1,25,-0.03122145658347442,0.03611834141560312,0.047742161008985026
16,1,26,-0.046633467730327366,0.004707919521567038,0.04687051118536084
16,1,27,0.025848810266680455,-0.027086036198791383,0.03744081127813715
16,1,28,0.303204698223211,-0.05394518775803032,0.3079661869538239
16,1,29,0.07038661204041555,-0.011811889257524005,0.07137083355517142
16,1,30,-0.03723850649453171,0.034292984299522655,0.05062326676648385
16,1,31,-0.048424384999148036,0.03785620433315272,0.061465545381612974
16,1,32,0.04842438499914807,0.03785620433315271,0.061465545381612995
17,0,0,-0.1890334917949678,-0.0663981161428587,0.20035561097089025
17,0,1,0.07226068766222064,0.024122689268515227,0.0761807791963455
17,0,2,0.16394715264116283,-0.0026829870266430384,0.1639691046463628
17,0,3,-0.04276070368045645,0.007235122374325479,0.043368476743128374
17,0,4,-0.12976339185414923,-0.025772994630918707,0.13229809189001498
17,0,5,0.03266490242591432,0.03500571950501837,0.04787897501574702
17,0,6,0.022513111478286902,7.261232605692882e-06,0.022513112649282248
17,0,7,-0.016842915333747585,0.02220978153690061,0.027873969807988255
17,0,8,-0.10923733515664091,0.008721936348370265,0.10958497874156531
17,0,9,0.004895188919759625,-0.04469086025868708,0.04495815682633835
17,0,10,0.1316828028634539,-0.022245363883053534,0.1335485559048271
17,0,11,-0.05002798735554388,-0.0007139682010158217,0.05003308175036313
17,0,12,-0.020648033412262966,0.001567428104951012,0.02070744104562701
17,0,13,-0.02652819418773067,0.0046457281203429335,0.026931911863625507
17,0,14,1.3097680161670206e-17,-0.024657986306576708,0.024657986306576708
17,0,15,-0.015244535955621998,0.011165739514402731,0.01889628575688213
17,0,16,0.026528194187730746,0.004645728120342943,0.026931911863625584
17,0,17,-0.02064803341226297,-0.001567428104951005,0.02070744104562701
17,0,18,0.05002798735554387,-0.0007139682010158104,0.05003308175036312
17,0,19,-0.13168280286345382,-0.02224536388305353,0.133548555904827
17,0,20,0.004895188919759638,0.04469086025868707,0.044958156826338344
17,0,21,0.10923733515664082,0.008721936348370292,0.10958497874156521
17,0,22,-0.01684291533374754,-0.022209781536900588,0.02787396980798821
17,0,23,-0.02251311147828688,7.26123260569325e-06,0.02251311264928223
17,0,24,0.032664902425914306,-0.03500571950501837,0.047878975015747005
17,0,25,0.12976339185414884,-0.02577299463091865,0.1322980918900146
17,0,26,-0.042760703680456424,-0.007235122374325492,0.043368476743128354
17,0,27,-0.1639471526411628,-0.002682987026643045,0.16396910464636277
17,0,28,0.07226068766222064,-0.02412268926851523,0.0761807791963455
17,0,29,0.18903349179496784,-0.06639811614285872,0.20035561097089027
17,0,30,-0.015244535955621995,-0.0111657395144027,0.01889628575688211
17,0,31,0.021145639534397746,-0.027640968991404665,0.03480174188316555
17,0,32,0.0008139357107417119,0.031937303774962164,0.03194767383950564
17,0,33,0.0008139357107416972,-0.031937303774962164,0.03194767383950564
17,0,34,0.02114563953439774,0.027640968991404606,0.034801741883165496
18,0,0,-0.09502634416356055,-0.010352661157459447,0.09558861688576013
18,0,1,-0.0010506881692059007,0.011591560461132482,0.011639081559684988
18,0,2,-0.11187281130464578,-0.019075809274636372,0.11348749890929478
18,0,3,0.004321599565139412,0.011439058022302346,0.01222817530292287
18,0,4,0.040573706993397934,0.00041373414742921507,0.04057581638280193
18,0,5,-0.012273085335196327,0.0018365045405573427,0.0124097289483896
18,0,6,0.008670440103637277,-0.003547515004480079,0.009368105160477912
18,0,7,0.023928022022395273,0.02399198706527983,0.03388459356764941
18,0,8,-0.02089136665547114,0.0010674117179520978,0.02091861774852614
18,0,9,-0.0778155427419463,-0.01515964732611234,0.07927845608534374
18,0,10,0.07951236779838206,-0.014818987392131822,0.08088151222766143
18,0,11,-0.034138799192412785,0.01591065284397792,0.03766439278976187
18,0,12,-0.1098567268660774,0.017108870270346657,0.11118099603644269
18,0,13,-0.003650471886112708,-0.004202747761218614,0.005566779476117887
18,0,14,0.05694201694701924,-5.044258979766517e-18,0.05694201694701924
18,0,15,0.0036504718861126795,-0.00420274776121854,0.005566779476117814
18,0,16,0.03413879919241292,0.015910652843979793,0.037664392789762795
18,0,17,0.07951236779838262,0.014818987392131845,0.080881512227662
18,0,18,-0.07781554274185383,0.015159647326105762,0.07927845608525172
18,0,19,0.020891366655469343,0.001067411717951821,0.020918617748524333
18,0,20,0.023928022022395388,-0.02399198706527989,0.03388459356764953
18,0,21,-0.0086704401036351,-0.0035475150044797484,0.009368105160475773
18,0,22,0.012273085335198603,0.001836504540557224,0.012409728948391834
18,0,23,0.0405737069933989,-0.00041373414742940106,0.040575816382802894
18,0,24,-0.004321599565139614,0.011439058022302339,0.012228175302922934
18,0,25,-0.1118728113046459,0.019075809274636413,0.1134874989092949
18,0,26,0.00105068816920593,0.011591560461132494,0.011639081559685002
18,0,27,-0.09502634416356058,0.010352661157459446,0.09558861688576016
18,0,28,-0.02783124522275732,0.014663631976027361,0.03145791336655412
18,0,29,0.03687326932815751,0.0026556978488113244,0.03696878036953643
18,0,30,-0.03687326932815755,0.002655697848811364,0.03696878036953648
18,0,31,-0.0037863118530329152,0.0022719277458379474,0.004415632812035648
18,0,32,-0.02783124522275685,-0.014663631976027248,0.031457913366553646
18,0,33,0.04243749365725027,-0.012034096887567562,0.04411077369315256
18,0,34,0.003786311853032961,0.002271927745837943,0.004415632812035685
18,0,35,0.04243749365725031,0.012034096887567543,0.0441107736931526
18,0,36,-0.10985672686611916,-0.017108870270341987,0.11118099603648324
18,1,0,-0.00816038200106268,-0.005795993248838201,0.010009264315814913
18,1,1,-0.0005140965545292538,0.013620686095835423,0.01363038462365106
18,1,2,-0.035162583422441385,0.009654315859080108,0.03646386002121876
18,1,3,-0.0377020778134304,-0.0013837485105315972,0.0377274625623081
18,1,4,0.00047466851029348827,0.015467200238802867,0.015474482008192961
18,1,5,0.0254874735419581,-0.005006060439137445,0.02597444799552651
18,1,6,0.009573530948697692,0.02095796727711569,0.02304102617537519
18,1,7,-0.06756427879385041,-0.0022678150204195942,0.067602328021304
18,1,8,-0.03516209858133042,-0.007213208062850668,0.0358943386511184
18,1,9,0.15664468765456896,-0.0035210673110406955,0.15668425602276173
18,1,10,-0.16067658440117344,-0.030328114954424144,0.16351378942314368
18,1,11,0.010731197741773424,0.012626028625954043,0.016570310915503487
18,1,12,0.20160571213446377,0.009794188372698851,0.20184347720727608
18,1,13,-0.039147600106902644,-0.01477080539231649,0.04184150195759767
18,1,14,-0.14984065526277018,6.354989869966526e-17,0.14984065526277018
18,1,15,0.03914760010690255,-0.014770805392316623,0.04184150195759763
18,1,16,-0.010731197741773248,0.01262602862595296,0.016570310915502547
18,1,17,-0.16067658440117508,0.030328114954424387,0.16351378942314534
18,1,18,0.15664468765453693,0.0035210673110436103,0.15668425602272978
18,1,19,0.03516209858133573,-0.007213208062849542,0.03589433865112338
18,1,20,-0.06756427879385137,0.002267815020420021,0.06760232802130497
18,1,21,-0.009573530948698401,0.02095796727711567,0.023041026175375467
18,1,22,-0.02548747354195898,-0.005006060439137333,0.025974447995527356
18,1,23,0.0004746685102930228,-0.015467200238803139,0.01547448200819322
18,1,24,0.03770207781343095,-0.0013837485105315645,0.03772746256230865
18,1,25,-0.03516258342243987,-0.009654315859080349,0.03646386002121736
18,1,26,0.0005140965545293335,0.013620686095835641,0.013630384623651282
18,1,27,-0.008160382001062262,0.005795993248838216,0.01000926431581458
18,1,28,-0.02828013332861134,0.02140410666192055,0.035466910255601704
18,1,29,-0.013798048161129397,0.004552454541598943,0.014529658475345219
18,1,30,0.013798048161129723,0.00455245454159863,0.01452965847534543
18,1,31,0.03445864321544342,0.0027041479019440794,0.034564584593552015
18,1,32,-0.028280133328615644,-0.021404106661921378,0.03546691025560564
18,1,33,-0.00413760691481883,0.014692260090368824,0.015263757648252973
18,1,34,-0.034458643215443854,0.0027041479019441635,0.03456458459355245
18,1,35,-0.004137606914819582,-0.014692260090368885,0.015263757648253235
18,1,36,0.20160571213436373,-0.009794188372688523,0.20184347720717566
19,0,0,0.002914041139159524,0.012894207709068064,0.013219388344598414
19,0,1,-0.019409674130870653,0.0013669020211137207,0.019457745784183588
19,0,2,0.022844862811696173,0.017537705635398467,0.02880032770367563
19,0,3,-0.04092249501829662,-0.013607070213159583,0.04312543284777982
19,0,4,-0.00978584230243769,0.0016935259923757007,0.009931301015226107
19,0,5,0.09318467099297867,0.010047340055729792,0.09372476700565946
19,0,6,-0.006707243323434523,-0.007156418051343545,0.009808232884946847
19,0,7,-0.05279488425940701,-0.010338820779527183,0.05379768600112244
19,0,8,0.005140830730276765,-0.005128247553745192,0.007261340342516076
19,0,9,0.100582713455937,0.018662986910386193,0.10229950794884782
19,0,10,-0.03583470955499768,0.002586970836300837,0.035927967198255355
19,0,11,-0.0814050192316999,-0.009233548604152922,0.08192701371305246
19,0,12,0.02896509507767442,0.0015074795582710031,0.029004296707166057
19,0,13,0.03743916118169041,-0.007838329564781202,0.03825088496171974
19,0,14,-0.019409674130868512,-0.0013669020211131355,0.019457745784181413
19,0,15,-0.014533357869716622,-0.010045338592170697,0.01766712535758458
19,0,16,-0.018994592040272998,-0.014337760362264454,0.023798443205010785
19,0,17,0.029932329777249585,-0.012845959903869171,0.0325724277840298
19,0,18,6.827724429946977e-14,0.0014397554178108571,0.0014397554178108571
19,0,19,-0.029932329777383353,-0.012845959903870491,0.03257242778415324
19,0,20,-0.018994592040260824,0.014337760362265313,0.023798443205001588
19,0,21,0.014533357869749918,-0.010045338592177875,0.01766712535761605
19,0,22,0.004953327575398039,-0.011338303296144265,0.012373058462019587
19,0,23,-0.03743916118181094,-0.00783832956476909,0.03825088496183523
19,0,24,0.0029140411391557486,-0.012894207709065885,0.013219388344595457
19,0,25,0.0814050192317183,-0.009233548604140062,0.08192701371306929
19,0,26,-0.035834709555005576,-0.002586970836303977,0.03592796719826346
19,0,27,-0.10058271345590036,0.01866298691038487,0.10229950794881154
19,0,28,0.005140830730270417,0.005128247553746405,0.007261340342512438
19,0,29,0.052794884259392806,-0.010338820779523975,0.05379768600110789
19,0,30,-0.006707243323427379,0.007156418051344017,0.009808232884942305
19,0,31,-0.09318467099294207,0.010047340055726692,0.09372476700562274
19,0,32,-0.009785842302445988,-0.0016935259923743467,0.009931301015234052
19,0,33,0.040922495018302245,-0.013607070213157078,0.04312543284778436
19,0,34,0.02284486281169382,-0.01753770563539827,0.028800327703673644
19,0,35,-0.004953327575396325,-0.011338303296144067,0.01237305846201872
19,0,36,0.02896509507767418,-0.0015074795582711478,0.029004296707165825
19,0,37,0.002656099381692804,-0.004655094417810548,0.005359549231433537
19,0,38,0.0026560993816759446,0.004655094417814282,0.005359549231428425
20,0,0,0.015052252957033555,-0.007708831304373902,0.01691142806394009
20,0,1,-0.022496336057073837,-0.02196642269674117,0.03144215104099441
20,0,2,-0.01971084062370196,0.01018220412848319,0.022185457376558176
20,0,3,-0.02282356812769543,-8.139504311711524e-05,0.0228237132656498
20,0,4,-0.03761955857375167,0.013097592060316571,0.03983438345277105
20,0,5,0.0302968144488411,-0.012891349056090802,0.03292542856567671
20,0,6,0.0513848984630733,-0.010959384842260687,0.052540611969990665
20,0,7,0.004172745086114205,0.0040372416951469136,0.0058061279747111125
20,0,8,-0.022354736444800762,0.0026593358024966547,0.022512359015148635
20,0,9,-0.008727925613490999,0.013635054947647916,0.016189237441584767
20,0,10,0.015831002933422777,-0.0024476801151472522,0.016019107085731336
20,0,11,0.0007340786732878413,-0.00628917028446131,0.006331866578310632
20,0,12,-0.011093560909668718,-0.009676955931804563,0.014721092682359464
20,0,13,-0.00302564090721863,-0.011691793978676581,0.012076942880516275
20,0,14,-0.004074657165561059,-0.007188180318009937,0.00826273364577871
20,0,15,-0.013946727759655952,0.00985303631887838,0.017076110209971542
20,0,16,-0.016436325700068435,-3.521960747961135e-15,0.016436325700068435
20,0,17,0.013946727759654397,0.00985303631887705,0.017076110209969506
20,0,18,-0.004074657165529132,0.007188180317990753,0.008262733645746275
20,0,19,-0.003025640907267817,0.011691793978671842,0.01207694288052401
20,0,20,0.011093560909658698,-0.00967695593180177,0.014721092682350077
20,0,21,0.0007340786728794867,0.00628917028449205,0.006331866578293823
20,0,22,-0.01583100293341325,-0.0024476801151500096,0.01601910708572234
20,0,23,0.00872792561348842,0.013635054947642304,0.01618923744157865
20,0,24,-0.022354736444786607,-0.002659335802497794,0.022512359015134712
20,0,25,-0.004172745086114779,0.004037241695146475,0.00580612797471122
20,0,26,0.05138489846308088,0.010959384842254281,0.05254061196999674
20,0,27,-0.03029681444883698,-0.012891349056088549,0.03292542856567204
20,0,28,0.022823568127689143,-8.139504311578781e-05,0.02282371326564351
20,0,29,-0.01971084062370953,-0.01018220412847982,0.022185457376563356
20,0,30,-0.02249633605708985,0.021966422696741705,0.03144215104100624
20,0,31,0.015052252957032056,0.007708831304373181,0.016911428063938427
20,0,32,-0.008442988779283981,-0.004964962905691309,0.009794637113339416
20,0,33,0.01536623381402424,0.010398438079637555,0.01855393909991402
20,0,34,0.0013653429833882585,-0.01020387921820281,0.010294819695456484
20,0,35,0.00844298877927663,-0.004964962905699567,0.009794637113337265
20,0,36,-0.015366233814022122,0.010398438079635359,0.018553939099911036
20,0,37,0.0013653429833644054,0.010203879218214201,0.010294819695464611
20,0,38,-0.003163765244173551,0.012369246807257038,0.012767445989667588
20,0,39,0.0031637652441777954,0.012369246807257416,0.012767445989669005
20,0,40,-0.037619558573763576,-0.013097592060314156,0.0398343834527815
20,1,0,0.05880165245616285,0.02474668445275693,0.06379680809397664
20,1,1,-0.07127703090496616,-0.009766027218175273,0.0719429664543633
20,1,2,0.028071548524570302,0.005107101946733144,0.02853233826488167
20,1,3,-0.005420510502516621,-0.01050565378859178,0.011821619839668581
20,1,4,-0.0003259572681641888,-0.006136140492409509,0.006144791964196727
20,1,5,-0.0038590659819398524,0.011275647291839793,0.011917743582698006
20,1,6,-0.021290747861921602,-0.0046399090466331195,0.021790472699805004
20,1,7,-0.019831692812030798,-0.0007571585503007615,0.019846141409882365
20,1,8,0.05119802808335478,-0.002211809566875897,0.05124578208188561
20,1,9,-0.01494177028650998,0.0007197036830804851,0.014959093310968822
20,1,10,-0.015388197947648863,0.007313341657741995,0.017037652487326096
20,1,11,0.05088509682837972,0.0033039196944437527,0.050992244161057604
20,1,12,-0.008404515284703571,-0.0063463431882717575,0.010531474209916639
20,1,13,-0.0922737990831885,-0.0003720790597574147,0.09227454925423016
20,1,14,0.007421809992804642,-0.00783721674290142,0.010793758837611168
20,1,15,-0.027992847563196196,0.0007824489366762727,0.028003780834645258
20,1,16,-0.029282203200650166,6.653774374709951e-16,0.029282203200650166
20,1,17,0.027992847563191068,0.0007824489366796554,0.028003780834640224
20,1,18,0.007421809992780099,0.007837216742893807,0.010793758837588764
20,1,19,-0.09227379908317172,0.0003720790597562534,0.09227454925421338
20,1,20,0.008404515284712468,-0.006346343188271549,0.010531474209923614
20,1,21,0.05088509682811444,-0.003303919694407511,0.05099224416079053
20,1,22,0.015388197947659553,0.0073133416577469265,0.01703765248733787
20,1,23,0.01494177028650404,0.0007197036830782714,0.014959093310962781
20,1,24,0.051198028083397955,0.00221180956687444,0.05124578208192868
20,1,25,0.019831692812033366,-0.0007571585503034116,0.01984614140988503
20,1,26,-0.021290747861904234,0.0046399090466239,0.02179047269978607
20,1,27,0.0038590659819400905,0.01127564729184259,0.011917743582700726
20,1,28,0.005420510502517866,-0.010505653788592407,0.011821619839669709
20,1,29,0.028071548524565042,-0.0051071019467335554,0.028532338264876566
20,1,30,-0.07127703090498115,0.009766027218175809,0.07194296645437821
20,1,31,0.05880165245616277,-0.024746684452758134,0.06379680809397704
20,1,32,0.03112350656267129,-0.0035177221657751176,0.03132167029377949
20,1,33,0.0014669805574711711,0.008747501281149477,0.008869656736295388
20,1,34,-0.04049030056311262,0.007377069180976024,0.041156841343719566
20,1,35,-0.03112350656268425,-0.0035177221657748904,0.03132167029379234
20,1,36,-0.0014669805574676767,0.008747501281147776,0.008869656736293134
20,1,37,-0.04049030056313309,-0.0073770691809683445,0.04115684134373833
20,1,38,0.003400126863405204,-0.0011360801919022925,0.003584904585854756
20,1,39,-0.003400126863401191,-0.0011360801919023723,0.0035849045858509752
20,1,40,-0.0003259572681891995,0.006136140492412492,0.0061447919642010325
